UPDATE ModifierArguments SET Value=2 WHERE ModifierId='SPYGLASS_BONUS_SIGHT' AND Name='Amount';
INSERT INTO UnitPromotionModifiers(UnitPromotionType, ModifierId) VALUES 
	('PROMOTION_SENTRY', 'SENTRY_MORE_XP_BK82'),
	('PROMOTION_GUERRILLA', 'GUERRILLA_IGNORE_ZOC_BK82'),
	('PROMOTION_CAMOUFLAGE', 'CAMOUFLAGE_MOVEMENT_BK82');
INSERT INTO Modifiers(ModifierId, ModifierType, SubjectRequirementSetId, SubjectStackLimit) VALUES
	('SENTRY_MORE_XP_BK82', 'MODIFIER_PLAYER_UNIT_ADJUST_UNIT_EXPERIENCE_MODIFIER', NULL, NULL),
	('GUERRILLA_IGNORE_ZOC_BK82', 'MODIFIER_PLAYER_UNIT_ADJUST_IGNORE_ZOC', NULL, NULL),
	('CAMOUFLAGE_MOVEMENT_BK82', 'MODIFIER_PLAYER_UNIT_ADJUST_MOVEMENT', NULL, NULL);
INSERT INTO ModifierArguments(ModifierId, Name, Value) VALUES
	('SENTRY_MORE_XP_BK82', 'Amount', 50),
	('GUERRILLA_IGNORE_ZOC_BK82', 'Ignore', 1),
	('CAMOUFLAGE_MOVEMENT_BK82', 'Amount', 1);

DELETE FROM RequirementSetRequirements WHERE RequirementSetId='EMPLACEMENT_REQUIREMENTS' AND RequirementId='OPPONENT_PLOT_IS_CITY_CENTER_REQUIREMENT';
INSERT INTO UnitPromotionModifiers(UnitPromotionType, ModifierId) VALUES 
	('PROMOTION_SUPPRESSION', 'SUPPRESSION_NEGATIVE_COMBAT_BK82');
INSERT INTO Modifiers(ModifierId, ModifierType, SubjectRequirementSetId, SubjectStackLimit) VALUES
	('SUPPRESSION_NEGATIVE_COMBAT_BK82', 'MODIFIER_ALL_UNITS_ATTACH_MODIFIER', 'SUPPRESSION_ADJACENT_AT_WAR_BK82', 1),
	('SUPPRESSION_COMBAT_MODIFIER_BK82', 'MODIFIER_UNIT_ADJUST_COMBAT_STRENGTH', NULL, NULL);
INSERT INTO ModifierArguments(ModifierId, Name, Value) VALUES
	('SUPPRESSION_NEGATIVE_COMBAT_BK82', 'ModifierId', 'SUPPRESSION_COMBAT_MODIFIER_BK82'),
	('SUPPRESSION_COMBAT_MODIFIER_BK82', 'Amount', -3);
INSERT INTO ModifierStrings(ModifierId, Context, Text) VALUES
	('SUPPRESSION_COMBAT_MODIFIER_BK82', 'Preview', '{1_Amount} {LOC_PROMOTION_SUPPRESSION_NAME} {LOC_PROMOTION_DESCRIPTOR_PREVIEW_TEXT}');
INSERT INTO RequirementSets(RequirementSetId, RequirementSetType) VALUES
	('SUPPRESSION_ADJACENT_AT_WAR_BK82', 'REQUIREMENTSET_TEST_ALL');
INSERT INTO RequirementSetRequirements(RequirementSetId, RequirementId) VALUES
	('SUPPRESSION_ADJACENT_AT_WAR_BK82', 'SUPPRESSION_ADJACENT_AT_WAR_REQUIREMENT');
INSERT INTO Requirements(RequirementId, RequirementType, Inverse) VALUES
	('SUPPRESSION_ADJACENT_AT_WAR_REQUIREMENT', 'REQUIREMENT_PLOT_ADJACENT_TO_OWNER_AT_WAR', 0);
INSERT INTO RequirementArguments(RequirementId, Name, Value) VALUES
	('SUPPRESSION_ADJACENT_AT_WAR_REQUIREMENT', 'MinDistance', 1),
	('SUPPRESSION_ADJACENT_AT_WAR_REQUIREMENT', 'MaxDistance', 1);

DELETE FROM UnitPromotionModifiers WHERE UnitPromotionType='PROMOTION_SCHILTRON';
INSERT INTO UnitPromotionModifiers(UnitPromotionType, ModifierId) VALUES
	('PROMOTION_SCHILTRON', 'SCHILTRON_LESS_DAMAGE_WEAKNESS_BK82');
INSERT INTO Modifiers(ModifierId, ModifierType, SubjectRequirementSetId, SubjectStackLimit) VALUES
	('SCHILTRON_LESS_DAMAGE_WEAKNESS_BK82', 'MODIFIER_PLAYER_UNITS_ADJUST_STRENGTH_REDUCTION_FOR_DAMAGE_MODIFIER', NULL, NULL);
INSERT INTO ModifierArguments(ModifierId, Name, Value) VALUES
	('SCHILTRON_LESS_DAMAGE_WEAKNESS_BK82', 'Amount', 80);

DELETE FROM UnitPromotionModifiers WHERE UnitPromotionType='PROMOTION_SPIKING_THE_GUNS';
INSERT INTO UnitPromotionModifiers(UnitPromotionType, ModifierId) VALUES
	('PROMOTION_SPIKING_THE_GUNS', 'SPIKING_THE_GUNS_UNWOUNDED_ATTACK_BK82'),
	('PROMOTION_ESCORT_MOBILITY', 'ESCORT_MOBILITY_ADJACENT_MOVEMENT_BK82');
INSERT INTO Modifiers(ModifierId, ModifierType, SubjectRequirementSetId, SubjectStackLimit) VALUES
	('SPIKING_THE_GUNS_UNWOUNDED_ATTACK_BK82', 'MODIFIER_UNIT_ADJUST_COMBAT_STRENGTH', 'SPIKING_THE_GUNS_OPPONENT_UNWOUNDED_BK82', NULL),
	('ESCORT_MOBILITY_ADJACENT_MOVEMENT_BK82', 'MODIFIER_PLAYER_UNITS_ATTACH_MODIFIER', 'ESCORT_MOBILITY_UNIT_ADJACENT_BK82', NULL),
	('ESCORT_MOBILITY_MOVEMENT_MODIFIER_BK82', 'MODIFIER_PLAYER_UNIT_ADJUST_MOVEMENT', NULL, NULL);
INSERT INTO ModifierArguments(ModifierId, Name, Value) VALUES
	('SPIKING_THE_GUNS_UNWOUNDED_ATTACK_BK82', 'Amount', 10),
	('ESCORT_MOBILITY_ADJACENT_MOVEMENT_BK82', 'ModifierId', 'ESCORT_MOBILITY_MOVEMENT_MODIFIER_BK82'),
	('ESCORT_MOBILITY_MOVEMENT_MODIFIER_BK82', 'Amount', 1);
INSERT INTO RequirementSets(RequirementSetId, RequirementSetType) VALUES
	('SPIKING_THE_GUNS_OPPONENT_UNWOUNDED_BK82', 'REQUIREMENTSET_TEST_ALL'),
	('ESCORT_MOBILITY_UNIT_ADJACENT_BK82', 'REQUIREMENTSET_TEST_ALL');
INSERT INTO RequirementSetRequirements(RequirementSetId, RequirementId) VALUES
	('SPIKING_THE_GUNS_OPPONENT_UNWOUNDED_BK82', 'REQUIRES_IS_UNWOUNDED_BK82'),
	('SPIKING_THE_GUNS_OPPONENT_UNWOUNDED_BK82', 'PLAYER_IS_ATTACKER_REQUIREMENTS'),
	('ESCORT_MOBILITY_UNIT_ADJACENT_BK82', 'REQUIRES_ADJACENT_UNIT_BK82'),
	('ESCORT_MOBILITY_UNIT_ADJACENT_BK82', 'OPPONENT_IS_NOT_LIGHT_CAVALRY_UNIT_REQUIREMENTS'),
	('ESCORT_MOBILITY_UNIT_ADJACENT_BK82', 'OPPONENT_IS_NOT_HEAVY_CAVALRY_UNIT_REQUIREMENTS');
INSERT INTO Requirements(RequirementId, RequirementType, Inverse) VALUES
	('REQUIRES_IS_UNWOUNDED_BK82', 'REQUIREMENT_UNIT_DAMAGE_MINIMUM', 1),
	('REQUIRES_ADJACENT_UNIT_BK82', 'REQUIREMENT_PLOT_ADJACENT_TO_OWNER', 0);
INSERT INTO RequirementArguments(RequirementId, Name, Value) VALUES
	('REQUIRES_IS_UNWOUNDED_BK82', 'MinimumAmount', 1),
	('REQUIRES_ADJACENT_UNIT_BK82', 'MinDistance', 1);

DELETE FROM UnitPromotionModifiers WHERE UnitPromotionType='PROMOTION_REACTIVE_ARMOR';
INSERT INTO UnitPromotionModifiers(UnitPromotionType, ModifierId) VALUES
	('PROMOTION_REACTIVE_ARMOR', 'REACTIVE_ARMOR_UNWOUNDED_DEFENSE_BK82');
INSERT INTO Modifiers(ModifierId, ModifierType, SubjectRequirementSetId, SubjectStackLimit) VALUES
	('REACTIVE_ARMOR_UNWOUNDED_DEFENSE_BK82', 'MODIFIER_UNIT_ADJUST_COMBAT_STRENGTH', 'REACTIVE_ARMOR_UNIT_UNWOUNDED_BK82', NULL);
INSERT INTO ModifierArguments(ModifierId, Name, Value) VALUES
	('REACTIVE_ARMOR_UNWOUNDED_DEFENSE_BK82', 'Amount', 10);
INSERT INTO RequirementSets(RequirementSetId, RequirementSetType) VALUES
	('REACTIVE_ARMOR_UNIT_UNWOUNDED_BK82', 'REQUIREMENTSET_TEST_ALL');
INSERT INTO RequirementSetRequirements(RequirementSetId, RequirementId) VALUES
	('ARMOR_PIERCING_REQUIREMENTS', 'OPPONENT_IS_LIGHT_CAVALRY_UNIT_REQUIREMENTS'),
	('REACTIVE_ARMOR_UNIT_UNWOUNDED_BK82', 'REQUIRES_IS_UNWOUNDED_BK82'),
	('REACTIVE_ARMOR_UNIT_UNWOUNDED_BK82', 'PLAYER_IS_DEFENDER_REQUIREMENTS');

UPDATE ModifierArguments SET Value=7 WHERE ModifierId='ADVANCED_RANGEFINDING_BONUS_VS_NAVAL' AND Name='Amount';
DELETE FROM RequirementSetRequirements WHERE RequirementSetId='ADVANCED_RANGEFINDING_REQUIREMENTS' AND RequirementId='OPPONENT_IS_SEA_UNIT';
INSERT INTO RequirementSets(RequirementSetId, RequirementSetType) VALUES
	('ADVANCED_RANGEFINDING_PLOTS_BK82', 'REQUIREMENTSET_TEST_ANY');
INSERT INTO RequirementSetRequirements(RequirementSetId, RequirementId) VALUES
	('ADVANCED_RANGEFINDING_REQUIREMENTS', 'ADVANCED_RANGEFINDING_PLOTS_MET_BK82'),
	('ADVANCED_RANGEFINDING_REQUIREMENTS', 'REQUIRES_NOT_DISTRICT_BK82'),
	('ADVANCED_RANGEFINDING_PLOTS_BK82', 'PLOT_IS_FOREST_REQUIREMENT'),
	('ADVANCED_RANGEFINDING_PLOTS_BK82', 'PLOT_IS_JUNGLE_REQUIREMENT'),
	('ADVANCED_RANGEFINDING_PLOTS_BK82', 'PLOT_IS_HILLS_REQUIREMENT'),
	('ADVANCED_RANGEFINDING_PLOTS_BK82', 'REQUIRES_PLOT_HAS_REEF');
INSERT INTO Requirements(RequirementId, RequirementType, Inverse) VALUES
	('ADVANCED_RANGEFINDING_PLOTS_MET_BK82', 'REQUIREMENT_REQUIREMENTSET_IS_MET', 0),
	('REQUIRES_NOT_DISTRICT_BK82', 'REQUIREMENT_OPPONENT_IS_DISTRICT', 1);
INSERT INTO RequirementArguments(RequirementId, Name, Value) VALUES
	('ADVANCED_RANGEFINDING_PLOTS_MET_BK82', 'RequirementSetId', 'ADVANCED_RANGEFINDING_PLOTS_BK82');

DELETE FROM UnitPromotionModifiers WHERE UnitPromotionType='PROMOTION_RUTTER';
INSERT INTO UnitPromotionModifiers(UnitPromotionType, ModifierId) VALUES
	('PROMOTION_HELMSMAN', 'RUTTER_SIGHT_BONUS'),
	('PROMOTION_RUTTER', 'RUTTER_SEE_THROUGH_BK82'),
	('PROMOTION_RUTTER', 'RUTTER_MORE_XP_BK82');
INSERT INTO Modifiers(ModifierId, ModifierType, SubjectRequirementSetId, SubjectStackLimit) VALUES
	('RUTTER_SEE_THROUGH_BK82', 'MODIFIER_PLAYER_UNIT_ADJUST_SEE_THROUGH_FEATURES', NULL, NULL),
	('RUTTER_MORE_XP_BK82', 'MODIFIER_PLAYER_UNIT_ADJUST_UNIT_EXPERIENCE_MODIFIER', NULL, NULL);
INSERT INTO ModifierArguments(ModifierId, Name, Value) VALUES
	('RUTTER_SEE_THROUGH_BK82', 'CanSee', 1),
	('RUTTER_MORE_XP_BK82', 'Amount', 50);

UPDATE ModifierArguments SET Value=2 WHERE ModifierId='OBSERVATION_INCREASED_SIGHT_RANGE' AND Name='Amount';

DELETE FROM RequirementSetRequirements WHERE RequirementSetId='STRAFE_OPPONENT_REQUIREMENTS' AND RequirementId='OPPONENT_IS_NOT_AIR_UNIT_REQUIREMENTS';
INSERT INTO RequirementSetRequirements(RequirementSetId, RequirementId) VALUES
	('STRAFE_OPPONENT_REQUIREMENTS', 'OPPONENT_IS_LAND_UNIT_REQUIREMENTS');

DELETE FROM UnitPromotionModifiers WHERE UnitPromotionType='PROMOTION_SUPERFORTRESS';
INSERT INTO UnitPromotionModifiers(UnitPromotionType, ModifierId) VALUES
	('PROMOTION_SUPERFORTRESS', 'SUPERFORTRESS_BONUS_VS_DISTRICTS_BK82');
INSERT INTO Modifiers(ModifierId, ModifierType, SubjectRequirementSetId, SubjectStackLimit) VALUES
	('SUPERFORTRESS_BONUS_VS_DISTRICTS_BK82', 'MODIFIER_UNIT_ADJUST_COMBAT_STRENGTH', 'SHELLS_REQUIREMENTS', NULL);
INSERT INTO ModifierArguments(ModifierId, Name, Value) VALUES
	('SUPERFORTRESS_BONUS_VS_DISTRICTS_BK82', 'Amount', 14);
INSERT INTO ModifierStrings(ModifierId, Context, Text) VALUES
	('SUPERFORTRESS_BONUS_VS_DISTRICTS_BK82', 'Preview', '{1_Amount} {LOC_PROMOTION_SUPERFORTRESS_NAME} {LOC_PROMOTION_DESCRIPTOR_PREVIEW_TEXT}');
