INSERT INTO BuildingModifiers(BuildingType, ModifierId) VALUES
		('BUILDING_LIGHTHOUSE', 						'LIGHTHOUSE_ADJUST_RESOURCE_STOCKPILE_CAP_BK'),
		('BUILDING_SHIPYARD', 							'SHIPYARD_ADJUST_RESOURCE_STOCKPILE_CAP_BK'),
		('BUILDING_SEAPORT', 							'SEAPORT_ADJUST_RESOURCE_STOCKPILE_CAP_BK');
INSERT INTO Modifiers(ModifierId, ModifierType, SubjectRequirementSetId) VALUES			
		('LIGHTHOUSE_ADJUST_RESOURCE_STOCKPILE_CAP_BK',	'MODIFIER_PLAYER_ADJUST_RESOURCE_STOCKPILE_CAP',		'LIGHTHOUSE_STOCKPILE_CAP_REQUIREMENTS_BK'),
		('SHIPYARD_ADJUST_RESOURCE_STOCKPILE_CAP_BK',	'MODIFIER_PLAYER_ADJUST_RESOURCE_STOCKPILE_CAP',		'SHIPYARD_STOCKPILE_CAP_REQUIREMENTS_BK'),
		('SEAPORT_ADJUST_RESOURCE_STOCKPILE_CAP_BK',	'MODIFIER_PLAYER_ADJUST_RESOURCE_STOCKPILE_CAP',		'SEAPORT_STOCKPILE_CAP_REQUIREMENTS_BK');
INSERT INTO ModifierArguments(ModifierId, Name, Value) VALUES			
		('LIGHTHOUSE_ADJUST_RESOURCE_STOCKPILE_CAP_BK', 'Amount',							5),
		('SHIPYARD_ADJUST_RESOURCE_STOCKPILE_CAP_BK', 	'Amount',							5),
		('SEAPORT_ADJUST_RESOURCE_STOCKPILE_CAP_BK', 	'Amount',							5);
INSERT INTO RequirementSets(RequirementSetId, RequirementSetType) VALUES
		('LIGHTHOUSE_STOCKPILE_CAP_REQUIREMENTS_BK', 	'REQUIREMENTSET_TEST_ALL'),
		('SHIPYARD_STOCKPILE_CAP_REQUIREMENTS_BK', 		'REQUIREMENTSET_TEST_ALL'),
		('SEAPORT_STOCKPILE_CAP_REQUIREMENTS_BK', 		'REQUIREMENTSET_TEST_ALL');
INSERT INTO RequirementSetRequirements(RequirementSetId, RequirementId) VALUES
		('LIGHTHOUSE_STOCKPILE_CAP_REQUIREMENTS_BK',	'REQUIRES_NO_BARRACKS_BK'),
		('LIGHTHOUSE_STOCKPILE_CAP_REQUIREMENTS_BK',	'REQUIRES_NO_STABLE_BK'),
		('SHIPYARD_STOCKPILE_CAP_REQUIREMENTS_BK',		'REQUIRES_NO_ARMORY_BK'),
		('SEAPORT_STOCKPILE_CAP_REQUIREMENTS_BK',		'REQUIRES_NO_MILITARY_ACADEMY_BK');
INSERT INTO Requirements(RequirementId, RequirementType, Inverse) VALUES
		('REQUIRES_NO_BARRACKS_BK',						'REQUIREMENT_CITY_HAS_BUILDING',						1),
		('REQUIRES_NO_STABLE_BK',						'REQUIREMENT_CITY_HAS_BUILDING',						1),
		('REQUIRES_NO_ARMORY_BK',						'REQUIREMENT_CITY_HAS_BUILDING',						1),
		('REQUIRES_NO_MILITARY_ACADEMY_BK',				'REQUIREMENT_CITY_HAS_BUILDING',						1),
		('REQUIRES_NO_SHIPWRECK_BK',					'REQUIREMENT_PLOT_RESOURCE_TYPE_MATCHES',				1);
INSERT INTO RequirementArguments(RequirementId, Name, Value) VALUES
		('REQUIRES_NO_BARRACKS_BK',						'BuildingType',						'BUILDING_BARRACKS'),
		('REQUIRES_NO_BARRACKS_BK',						'MustBeFunctioning',				0),
		('REQUIRES_NO_STABLE_BK',						'BuildingType',						'BUILDING_STABLE'),
		('REQUIRES_NO_STABLE_BK',						'MustBeFunctioning',				0),
		('REQUIRES_NO_ARMORY_BK',						'BuildingType',						'BUILDING_ARMORY'),
		('REQUIRES_NO_ARMORY_BK',						'MustBeFunctioning',				0),
		('REQUIRES_NO_MILITARY_ACADEMY_BK',				'BuildingType',						'BUILDING_MILITARY_ACADEMY'),
		('REQUIRES_NO_MILITARY_ACADEMY_BK',				'MustBeFunctioning',				0);
