UPDATE Districts SET CostProgressionModel = 'COST_PROGRESSION_PREVIOUS_COPIES', CostProgressionParam1 = 30, Cost = 60 WHERE DistrictType='DISTRICT_INDUSTRIAL_ZONE';
UPDATE Districts SET CostProgressionModel = 'COST_PROGRESSION_PREVIOUS_COPIES', CostProgressionParam1 = 20, Cost = 40 WHERE DistrictType='DISTRICT_HANSA';
UPDATE Districts SET CostProgressionModel = 'COST_PROGRESSION_PREVIOUS_COPIES', CostProgressionParam1 = 20, Cost = 40 WHERE DistrictType='DISTRICT_OPPIDUM';
UPDATE Districts SET CostProgressionModel = 'COST_PROGRESSION_PREVIOUS_COPIES', CostProgressionParam1 = 30, Cost = 60 WHERE DistrictType='DISTRICT_COMMERCIAL_HUB';
UPDATE Districts SET CostProgressionModel = 'COST_PROGRESSION_PREVIOUS_COPIES', CostProgressionParam1 = 20, Cost = 40 WHERE DistrictType='DISTRICT_SUGUBA';
UPDATE Districts SET CostProgressionModel = 'COST_PROGRESSION_PREVIOUS_COPIES', CostProgressionParam1 = 30, Cost = 60 WHERE DistrictType='DISTRICT_CAMPUS';
UPDATE Districts SET CostProgressionModel = 'COST_PROGRESSION_PREVIOUS_COPIES', CostProgressionParam1 = 20, Cost = 40 WHERE DistrictType='DISTRICT_OBSERVATORY';
UPDATE Districts SET CostProgressionModel = 'COST_PROGRESSION_PREVIOUS_COPIES', CostProgressionParam1 = 20, Cost = 40 WHERE DistrictType='DISTRICT_SEOWON';
UPDATE Districts SET CostProgressionModel = 'COST_PROGRESSION_PREVIOUS_COPIES', CostProgressionParam1 = 30, Cost = 60 WHERE DistrictType='DISTRICT_THEATER';
UPDATE Districts SET CostProgressionModel = 'COST_PROGRESSION_PREVIOUS_COPIES', CostProgressionParam1 = 20, Cost = 40 WHERE DistrictType='DISTRICT_ACROPOLIS';
UPDATE Districts SET CostProgressionModel = 'COST_PROGRESSION_PREVIOUS_COPIES', CostProgressionParam1 = 30, Cost = 60 WHERE DistrictType='DISTRICT_HOLY_SITE';
UPDATE Districts SET CostProgressionModel = 'COST_PROGRESSION_PREVIOUS_COPIES', CostProgressionParam1 = 20, Cost = 40 WHERE DistrictType='DISTRICT_LAVRA';
UPDATE Districts SET CostProgressionModel = 'COST_PROGRESSION_PREVIOUS_COPIES', CostProgressionParam1 = 30, Cost = 60 WHERE DistrictType='DISTRICT_ENCAMPMENT';
UPDATE Districts SET CostProgressionModel = 'COST_PROGRESSION_PREVIOUS_COPIES', CostProgressionParam1 = 20, Cost = 40 WHERE DistrictType='DISTRICT_IKANDA';
UPDATE Districts SET CostProgressionModel = 'COST_PROGRESSION_PREVIOUS_COPIES', CostProgressionParam1 = 20, Cost = 40 WHERE DistrictType='DISTRICT_THANH';
UPDATE Districts SET CostProgressionModel = 'COST_PROGRESSION_PREVIOUS_COPIES', CostProgressionParam1 = 30, Cost = 60 WHERE DistrictType='DISTRICT_HARBOR';
UPDATE Districts SET CostProgressionModel = 'COST_PROGRESSION_PREVIOUS_COPIES', CostProgressionParam1 = 20, Cost = 40 WHERE DistrictType='DISTRICT_ROYAL_NAVY_DOCKYARD';
UPDATE Districts SET CostProgressionModel = 'COST_PROGRESSION_PREVIOUS_COPIES', CostProgressionParam1 = 20, Cost = 40 WHERE DistrictType='DISTRICT_COTHON';
UPDATE Districts SET CostProgressionModel = 'COST_PROGRESSION_PREVIOUS_COPIES', CostProgressionParam1 = 30, Cost = 90 WHERE DistrictType='DISTRICT_AERODROME';
UPDATE Districts SET CostProgressionModel = 'COST_PROGRESSION_PREVIOUS_COPIES', CostProgressionParam1 = 30, Cost = 60 WHERE DistrictType='DISTRICT_ENTERTAINMENT_COMPLEX';
UPDATE Districts SET CostProgressionModel = 'COST_PROGRESSION_PREVIOUS_COPIES', CostProgressionParam1 = 20, Cost = 40 WHERE DistrictType='DISTRICT_STREET_CARNIVAL';
UPDATE Districts SET CostProgressionModel = 'COST_PROGRESSION_PREVIOUS_COPIES', CostProgressionParam1 = 30, Cost = 60 WHERE DistrictType='DISTRICT_WATER_ENTERTAINMENT_COMPLEX';
UPDATE Districts SET CostProgressionModel = 'COST_PROGRESSION_PREVIOUS_COPIES', CostProgressionParam1 = 20, Cost = 40 WHERE DistrictType='DISTRICT_WATER_STREET_CARNIVAL';
UPDATE Districts SET CostProgressionModel = 'COST_PROGRESSION_PREVIOUS_COPIES', CostProgressionParam1 = 30, Cost = 60 WHERE DistrictType='DISTRICT_PRESERVE';
UPDATE Districts SET CostProgressionModel = 'COST_PROGRESSION_PREVIOUS_COPIES', CostProgressionParam1 = 30, Cost = 90 WHERE DistrictType='DISTRICT_NEIGHBORHOOD';
UPDATE Districts SET CostProgressionModel = 'COST_PROGRESSION_PREVIOUS_COPIES', CostProgressionParam1 = 20, Cost = 60 WHERE DistrictType='DISTRICT_MBANZA';
UPDATE Districts SET CostProgressionModel = 'COST_PROGRESSION_PREVIOUS_COPIES', CostProgressionParam1 = 15, Cost = 30 WHERE DistrictType='DISTRICT_AQUEDUCT';
UPDATE Districts SET CostProgressionModel = 'COST_PROGRESSION_PREVIOUS_COPIES', CostProgressionParam1 = 10, Cost = 20 WHERE DistrictType='DISTRICT_BATH';
UPDATE Districts SET CostProgressionModel = 'COST_PROGRESSION_PREVIOUS_COPIES', CostProgressionParam1 = 30, Cost = 60 WHERE DistrictType='DISTRICT_DAM';
UPDATE Districts SET CostProgressionModel = 'COST_PROGRESSION_PREVIOUS_COPIES', CostProgressionParam1 = 45, Cost = 90 WHERE DistrictType='DISTRICT_CANAL';
UPDATE Districts SET RequiresPopulation = 1, Cost = 1800 WHERE DistrictType='DISTRICT_SPACEPORT';
UPDATE Districts SET Cost = 90 WHERE DistrictType='DISTRICT_GOVERNMENT';
UPDATE Districts SET Cost = 90 WHERE DistrictType='DISTRICT_DIPLOMATIC_QUARTER';

UPDATE Districts SET PlunderType = 'PLUNDER_FAITH' WHERE DistrictType='DISTRICT_PRESERVE';
UPDATE Districts SET PlunderType = 'PLUNDER_CULTURE' WHERE DistrictType='DISTRICT_ENTERTAINMENT_COMPLEX';
UPDATE Districts SET PlunderType = 'PLUNDER_CULTURE' WHERE DistrictType='DISTRICT_STREET_CARNIVAL';
UPDATE Districts SET PlunderType = 'PLUNDER_CULTURE' WHERE DistrictType='DISTRICT_WATER_ENTERTAINMENT_COMPLEX';
UPDATE Districts SET PlunderType = 'PLUNDER_CULTURE' WHERE DistrictType='DISTRICT_WATER_STREET_CARNIVAL';
UPDATE Districts SET PlunderType = 'PLUNDER_HEAL' WHERE DistrictType='DISTRICT_AQUEDUCT';
UPDATE Districts SET PlunderType = 'PLUNDER_HEAL' WHERE DistrictType='DISTRICT_BATH';
UPDATE Districts SET PlunderType = 'PLUNDER_HEAL' WHERE DistrictType='DISTRICT_GOVERNMENT';
UPDATE Districts SET PlunderType = 'PLUNDER_HEAL' WHERE DistrictType='DISTRICT_DIPLOMATIC_QUARTER';

DELETE FROM District_Adjacencies WHERE YieldChangeId='Harbor_City_Gold';
DELETE FROM District_Adjacencies WHERE YieldChangeId='District_Culture_City_Center';
DELETE FROM District_Adjacencies WHERE YieldChangeId='Government_Production';
DELETE FROM District_Adjacencies WHERE YieldChangeId='Government_Gold';
DELETE FROM District_Adjacencies WHERE YieldChangeId='Government_Science';
DELETE FROM District_Adjacencies WHERE YieldChangeId='Government_Culture';
DELETE FROM District_Adjacencies WHERE YieldChangeId='Government_Faith';

INSERT INTO District_Adjacencies(DistrictType, YieldChangeId) VALUES			
		('DISTRICT_COMMERCIAL_HUB', 			'OASIS_GOLD_BK'),
			('DISTRICT_SUGUBA', 				'OASIS_GOLD_BK'),
		('DISTRICT_COMMERCIAL_HUB', 			'LUXURY_GOLD_BK'),
			('DISTRICT_SUGUBA', 				'LUXURY_GOLD_BK'),

		('DISTRICT_HARBOR', 					'COMMERCIAL_GOLD_BK'),
			('DISTRICT_ROYAL_NAVY_DOCKYARD', 	'COMMERCIAL_GOLD_BK'),
			('DISTRICT_COTHON', 				'COMMERCIAL_GOLD_BK'),		
		('DISTRICT_HARBOR', 					'SUGUBA_GOLD_BK'),
			('DISTRICT_ROYAL_NAVY_DOCKYARD', 	'SUGUBA_GOLD_BK'),
			('DISTRICT_COTHON', 				'SUGUBA_GOLD_BK'),
		
		('DISTRICT_INDUSTRIAL_ZONE', 			'CITY_CENTER_PRODUCTION_BK'),
			('DISTRICT_HANSA', 					'CITY_CENTER_PRODUCTION_BK'),
			('DISTRICT_OPPIDUM', 				'CITY_CENTER_PRODUCTION_BK'),
		('DISTRICT_COMMERCIAL_HUB', 			'CITY_CENTER_GOLD_BK'),
			('DISTRICT_SUGUBA', 				'CITY_CENTER_GOLD_BK'),
		('DISTRICT_HARBOR', 					'CITY_CENTER_GOLD_2_BK'),
			('DISTRICT_ROYAL_NAVY_DOCKYARD', 	'CITY_CENTER_GOLD_2_BK'),
			('DISTRICT_COTHON', 				'CITY_CENTER_GOLD_2_BK'),
		('DISTRICT_CAMPUS', 					'CITY_CENTER_SCIENCE_BK'),
			('DISTRICT_OBSERVATORY', 			'CITY_CENTER_SCIENCE_BK'),
		--	('DISTRICT_SEOWON', 				'CITY_CENTER_SCIENCE_BK'),
		('DISTRICT_THEATER', 					'CITY_CENTER_CULTURE_BK'),
			('DISTRICT_ACROPOLIS', 				'CITY_CENTER_CULTURE_BK'),
		('DISTRICT_HOLY_SITE', 					'CITY_CENTER_FAITH_BK'),
			('DISTRICT_LAVRA', 					'CITY_CENTER_FAITH_BK'),
		
		('DISTRICT_INDUSTRIAL_ZONE', 			'GOVERNMENT_PRODUCTION_BK'),
			('DISTRICT_HANSA', 					'GOVERNMENT_PRODUCTION_BK'),
			('DISTRICT_OPPIDUM', 				'GOVERNMENT_PRODUCTION_BK'),
		('DISTRICT_COMMERCIAL_HUB', 			'GOVERNMENT_GOLD_BK'),
			('DISTRICT_SUGUBA', 				'GOVERNMENT_GOLD_BK'),
		('DISTRICT_HARBOR', 					'GOVERNMENT_GOLD_BK'),
			('DISTRICT_ROYAL_NAVY_DOCKYARD', 	'GOVERNMENT_GOLD_BK'),
			('DISTRICT_COTHON', 				'GOVERNMENT_GOLD_BK'),
		('DISTRICT_CAMPUS', 					'GOVERNMENT_SCIENCE_BK'),
			('DISTRICT_OBSERVATORY', 			'GOVERNMENT_SCIENCE_BK'),
		--	('DISTRICT_SEOWON', 				'GOVERNMENT_SCIENCE_BK'),
		('DISTRICT_THEATER', 					'GOVERNMENT_CULTURE_BK'),
			('DISTRICT_ACROPOLIS', 				'GOVERNMENT_CULTURE_BK'),
		('DISTRICT_HOLY_SITE', 					'GOVERNMENT_FAITH_BK'),
			('DISTRICT_LAVRA', 					'GOVERNMENT_FAITH_BK'),
		
		('DISTRICT_INDUSTRIAL_ZONE', 			'DIPLOMATIC_QUARTER_PRODUCTION_BK'),
			('DISTRICT_HANSA', 					'DIPLOMATIC_QUARTER_PRODUCTION_BK'),
			('DISTRICT_OPPIDUM', 				'DIPLOMATIC_QUARTER_PRODUCTION_BK'),
		('DISTRICT_COMMERCIAL_HUB', 			'DIPLOMATIC_QUARTER_GOLD_BK'),
			('DISTRICT_SUGUBA', 				'DIPLOMATIC_QUARTER_GOLD_BK'),
		('DISTRICT_HARBOR', 					'DIPLOMATIC_QUARTER_GOLD_BK'),
			('DISTRICT_ROYAL_NAVY_DOCKYARD', 	'DIPLOMATIC_QUARTER_GOLD_BK'),
			('DISTRICT_COTHON', 				'DIPLOMATIC_QUARTER_GOLD_BK'),
		('DISTRICT_CAMPUS', 					'DIPLOMATIC_QUARTER_SCIENCE_BK'),
			('DISTRICT_OBSERVATORY', 			'DIPLOMATIC_QUARTER_SCIENCE_BK'),
		--	('DISTRICT_SEOWON', 				'DIPLOMATIC_QUARTER_SCIENCE_BK'),
		('DISTRICT_THEATER', 					'DIPLOMATIC_QUARTER_CULTURE_BK'),
			('DISTRICT_ACROPOLIS', 				'DIPLOMATIC_QUARTER_CULTURE_BK'),
		('DISTRICT_HOLY_SITE', 					'DIPLOMATIC_QUARTER_FAITH_BK'),
			('DISTRICT_LAVRA', 					'DIPLOMATIC_QUARTER_FAITH_BK');

UPDATE Adjacency_YieldChanges SET YieldChange='1' WHERE ID='Harbor_Gold';
UPDATE Adjacency_YieldChanges SET YieldChange='1' WHERE ID='RoyalDock_Gold';
UPDATE Adjacency_YieldChanges SET YieldChange='1' WHERE ID='Cothon_Gold';

INSERT INTO Adjacency_YieldChanges(ID, Description, YieldType, YieldChange, TilesRequired, AdjacentDistrict) VALUES
		('COMMERCIAL_GOLD_BK',					'LOC_COMMERCIAL_GOLD_BK',				'YIELD_GOLD', 		1,	1, 	'DISTRICT_COMMERCIAL_HUB'),
		('SUGUBA_GOLD_BK',						'LOC_SUGUBA_GOLD_BK',					'YIELD_GOLD', 		1,	1, 	'DISTRICT_SUGUBA'),
		
		('CITY_CENTER_PRODUCTION_BK',			'LOC_CITY_CENTER_PRODUCTION_BK',		'YIELD_PRODUCTION', 1,	1, 	'DISTRICT_CITY_CENTER'),
		('CITY_CENTER_GOLD_BK',					'LOC_CITY_CENTER_GOLD_BK',				'YIELD_GOLD', 		1, 	1, 	'DISTRICT_CITY_CENTER'),
		('CITY_CENTER_SCIENCE_BK',				'LOC_CITY_CENTER_SCIENCE_BK', 			'YIELD_SCIENCE', 	1,	1, 	'DISTRICT_CITY_CENTER'),
		('CITY_CENTER_CULTURE_BK',				'LOC_CITY_CENTER_CULTURE_BK', 			'YIELD_CULTURE', 	1, 	1, 	'DISTRICT_CITY_CENTER'),
		('CITY_CENTER_FAITH_BK',				'LOC_CITY_CENTER_FAITH_BK', 			'YIELD_FAITH', 		1, 	1, 	'DISTRICT_CITY_CENTER'),
		
		('CITY_CENTER_GOLD_2_BK',				'LOC_CITY_CENTER_GOLD_2_BK',			'YIELD_GOLD', 		2, 	1, 	'DISTRICT_CITY_CENTER'),
		
		('GOVERNMENT_PRODUCTION_BK',			'LOC_GOVERNMENT_PRODUCTION_BK',			'YIELD_PRODUCTION', 1,	1, 	'DISTRICT_GOVERNMENT'),
		('GOVERNMENT_GOLD_BK',					'LOC_GOVERNMENT_GOLD_BK',				'YIELD_GOLD', 		1, 	1, 	'DISTRICT_GOVERNMENT'),
		('GOVERNMENT_SCIENCE_BK',				'LOC_GOVERNMENT_SCIENCE_BK', 			'YIELD_SCIENCE', 	1,	1, 	'DISTRICT_GOVERNMENT'),
		('GOVERNMENT_CULTURE_BK',				'LOC_GOVERNMENT_CULTURE_BK', 			'YIELD_CULTURE', 	1, 	1, 	'DISTRICT_GOVERNMENT'),
		('GOVERNMENT_FAITH_BK',					'LOC_GOVERNMENT_FAITH_BK', 				'YIELD_FAITH', 		1, 	1, 	'DISTRICT_GOVERNMENT'),
		
		('DIPLOMATIC_QUARTER_PRODUCTION_BK',	'LOC_DIPLOMATIC_QUARTER_PRODUCTION_BK',	'YIELD_PRODUCTION',	1,	1,	'DISTRICT_DIPLOMATIC_QUARTER'),
		('DIPLOMATIC_QUARTER_GOLD_BK',			'LOC_DIPLOMATIC_QUARTER_GOLD_BK',		'YIELD_GOLD',		1,	1,	'DISTRICT_DIPLOMATIC_QUARTER'),
		('DIPLOMATIC_QUARTER_SCIENCE_BK',		'LOC_DIPLOMATIC_QUARTER_SCIENCE_BK',	'YIELD_SCIENCE',	1,	1,	'DISTRICT_DIPLOMATIC_QUARTER'),
		('DIPLOMATIC_QUARTER_CULTURE_BK',		'LOC_DIPLOMATIC_QUARTER_CULTURE_BK',	'YIELD_CULTURE',	1,	1,	'DISTRICT_DIPLOMATIC_QUARTER'),
		('DIPLOMATIC_QUARTER_FAITH_BK',			'LOC_DIPLOMATIC_QUARTER_FAITH_BK',		'YIELD_FAITH',		1,	1,	'DISTRICT_DIPLOMATIC_QUARTER');

INSERT INTO Adjacency_YieldChanges(ID, Description, YieldType, YieldChange, TilesRequired, AdjacentFeature, AdjacentResourceClass) VALUES
		('OASIS_GOLD_BK',			'LOC_OASIS_GOLD_BK',		'YIELD_GOLD',		1,	1,	'FEATURE_OASIS',	'NO_RESOURCECLASS'),
		('LUXURY_GOLD_BK',			'LOC_LUXURY_GOLD_BK',		'YIELD_GOLD',		1,	1,	NULL,				'RESOURCECLASS_LUXURY');

UPDATE District_TradeRouteYields SET YieldChangeAsInternationalDestination='2' WHERE DistrictType='DISTRICT_COMMERCIAL_HUB' AND YieldType='YIELD_GOLD';
UPDATE District_TradeRouteYields SET YieldChangeAsInternationalDestination='2' WHERE DistrictType='DISTRICT_SUGUBA' AND YieldType='YIELD_GOLD';
UPDATE District_TradeRouteYields SET YieldChangeAsInternationalDestination='2' WHERE DistrictType='DISTRICT_HARBOR' AND YieldType='YIELD_GOLD';
UPDATE District_TradeRouteYields SET YieldChangeAsInternationalDestination='2' WHERE DistrictType='DISTRICT_ROYAL_NAVY_DOCKYARD' AND YieldType='YIELD_GOLD';
UPDATE District_TradeRouteYields SET YieldChangeAsInternationalDestination='2' WHERE DistrictType='DISTRICT_COTHON' AND YieldType='YIELD_GOLD';

DELETE FROM District_TradeRouteYields WHERE DistrictType='DISTRICT_GOVERNMENT';
DELETE FROM District_TradeRouteYields WHERE DistrictType='DISTRICT_DIPLOMATIC_QUARTER';
INSERT INTO District_TradeRouteYields(DistrictType, YieldType, YieldChangeAsOrigin, YieldChangeAsDomesticDestination, YieldChangeAsInternationalDestination) VALUES
		('DISTRICT_GOVERNMENT',			'YIELD_FOOD',		0,						1,									0),
		('DISTRICT_GOVERNMENT',			'YIELD_PRODUCTION',	0,						1,									0),
		('DISTRICT_GOVERNMENT',			'YIELD_GOLD',		0,						0,									3),
		('DISTRICT_DIPLOMATIC_QUARTER',	'YIELD_FOOD',		0,						1,									0),
		('DISTRICT_DIPLOMATIC_QUARTER',	'YIELD_PRODUCTION',	0,						1,									0),
		('DISTRICT_DIPLOMATIC_QUARTER',	'YIELD_GOLD',		0,						0,									3);

INSERT INTO District_TradeRouteYields(DistrictType, YieldType, YieldChangeAsOrigin, YieldChangeAsDomesticDestination, YieldChangeAsInternationalDestination) VALUES
		('DISTRICT_AERODROME',		'YIELD_PRODUCTION',		0,						1,									1),
		('DISTRICT_AQUEDUCT',		'YIELD_FOOD',			0,						1,									1),
		('DISTRICT_AQUEDUCT',		'YIELD_PRODUCTION',		0,						1,									1),
		('DISTRICT_BATH',			'YIELD_FOOD',			0,						1,									1),
		('DISTRICT_BATH',			'YIELD_PRODUCTION',		0,						1,									1),
		('DISTRICT_DAM',			'YIELD_FOOD',			0,						1,									1),
		('DISTRICT_DAM',			'YIELD_PRODUCTION',		0,						1,									1),
		('DISTRICT_CANAL',			'YIELD_FOOD',			0,						1,									1),
		('DISTRICT_CANAL',			'YIELD_PRODUCTION',		0,						1,									1),
		('DISTRICT_MBANZA',			'YIELD_FOOD',			0,						1,									0),
		('DISTRICT_NEIGHBORHOOD',	'YIELD_FOOD',			0,						1,									0),
		('DISTRICT_MBANZA',			'YIELD_PRODUCTION',		0,						1,									0),
		('DISTRICT_NEIGHBORHOOD',	'YIELD_PRODUCTION',		0,						1,									0),
		('DISTRICT_MBANZA',			'YIELD_GOLD',			0,						0,									3),
		('DISTRICT_NEIGHBORHOOD',	'YIELD_GOLD',			0,						0,									3),
		('DISTRICT_PRESERVE',		'YIELD_FOOD',			0,						1,									0),
		('DISTRICT_PRESERVE',		'YIELD_CULTURE',		0,						0,									1),
		('DISTRICT_SPACEPORT',		'YIELD_FOOD',			0,						1,									0),
		('DISTRICT_SPACEPORT',		'YIELD_SCIENCE',		0,						0,									1);