UPDATE Buildings SET Maintenance=2 WHERE BuildingType='BUILDING_HYDROELECTRIC_DAM';
INSERT INTO Building_YieldChanges(BuildingType, YieldType, YieldChange) VALUES ('BUILDING_HYDROELECTRIC_DAM', 'YIELD_PRODUCTION', 3);
UPDATE ModifierArguments SET Value=4 WHERE ModifierId='HYDROELECTRIC_DAM_FREE_POWER' AND Name='Amount';

UPDATE Improvements SET PrereqTech='TECH_ADVANCED_BALLISTICS' WHERE ImprovementType='IMPROVEMENT_WIND_FARM';
UPDATE Improvements SET PrereqTech='TECH_GUIDANCE_SYSTEMS' WHERE ImprovementType='IMPROVEMENT_OFFSHORE_WIND_FARM';
UPDATE Improvements SET	PrereqTech='TECH_PLASTICS' WHERE ImprovementType='IMPROVEMENT_SOLAR_FARM';

DELETE FROM Improvement_ValidTerrains WHERE ImprovementType='IMPROVEMENT_SOLAR_FARM' AND TerrainType='TERRAIN_TUNDRA';
INSERT INTO Improvement_ValidTerrains(ImprovementType, TerrainType, PrereqTech) VALUES
		('IMPROVEMENT_SOLAR_FARM',			'TERRAIN_TUNDRA',		'TECH_GUIDANCE_SYSTEMS'),
		('IMPROVEMENT_SOLAR_FARM',			'TERRAIN_SNOW',			'TECH_GUIDANCE_SYSTEMS'),
		('IMPROVEMENT_OFFSHORE_WIND_FARM',	'TERRAIN_OCEAN',		'TECH_NUCLEAR_FUSION');
INSERT INTO Improvement_ValidFeatures (ImprovementType, FeatureType) VALUES
		('IMPROVEMENT_GEOTHERMAL_PLANT',	'FEATURE_VOLCANIC_SOIL');

DELETE FROM Improvement_YieldChanges WHERE ImprovementType='IMPROVEMENT_GEOTHERMAL_PLANT';
DELETE FROM Improvement_YieldChanges WHERE ImprovementType='IMPROVEMENT_WIND_FARM';
DELETE FROM Improvement_YieldChanges WHERE ImprovementType='IMPROVEMENT_OFFSHORE_WIND_FARM';
DELETE FROM Improvement_YieldChanges WHERE ImprovementType='IMPROVEMENT_SOLAR_FARM';
INSERT INTO Improvement_YieldChanges(ImprovementType, YieldType, YieldChange) VALUES
		('IMPROVEMENT_GEOTHERMAL_PLANT',	'YIELD_PRODUCTION',		1),
		('IMPROVEMENT_WIND_FARM',			'YIELD_PRODUCTION',		1),
		('IMPROVEMENT_OFFSHORE_WIND_FARM',	'YIELD_PRODUCTION',		1),
		('IMPROVEMENT_SOLAR_FARM',			'YIELD_PRODUCTION',		1),
		('IMPROVEMENT_GEOTHERMAL_PLANT',	'YIELD_GOLD',			1),
		('IMPROVEMENT_WIND_FARM',			'YIELD_GOLD',			1),
		('IMPROVEMENT_OFFSHORE_WIND_FARM',	'YIELD_GOLD',			1),
		('IMPROVEMENT_SOLAR_FARM',			'YIELD_GOLD',			1),
		('IMPROVEMENT_GEOTHERMAL_PLANT',	'YIELD_SCIENCE',		1),
		('IMPROVEMENT_WIND_FARM',			'YIELD_SCIENCE',		1),
		('IMPROVEMENT_OFFSHORE_WIND_FARM',	'YIELD_SCIENCE',		1),
		('IMPROVEMENT_SOLAR_FARM',			'YIELD_SCIENCE',		1);

INSERT INTO Improvement_YieldChanges(ImprovementType, YieldType, YieldChange) VALUES ('IMPROVEMENT_SEASTEAD', 'YIELD_GOLD', 0);
INSERT INTO Adjacency_YieldChanges(ID, Description, YieldType, YieldChange, TilesRequired, AdjacentImprovement) VALUES
		('JNR_Seasteads_OffshoreWind_Gold', 'Placeholder', 'YIELD_GOLD', 1,	1, 'IMPROVEMENT_OFFSHORE_WIND_FARM');
INSERT INTO Improvement_Adjacencies(ImprovementType, YieldChangeId) VALUES
		('IMPROVEMENT_SEASTEAD', 'JNR_Seasteads_OffshoreWind_Gold');

UPDATE ModifierArguments SET Value=2 WHERE Name='Amount' AND ModifierId='GEOTHERMAL_GENERATE_POWER';
UPDATE ModifierArguments SET Value=1 WHERE Name='Amount' AND ModifierId='SOLAR_FARM_GENERATE_POWER';
UPDATE ModifierArguments SET Value=1 WHERE Name='Amount' AND ModifierId='WIND_FARM_GENERATE_POWER';
UPDATE ModifierArguments SET Value=2 WHERE Name='Amount' AND ModifierId='OFFSHORE_WIND_FARM_GENERATE_POWER';

INSERT INTO Modifiers(ModifierId, ModifierType, SubjectRequirementSetId) VALUES
		('JNR_GEOTHERMAL_PLANT_FISSURE_PRODUCTION',	'MODIFIER_SINGLE_PLOT_ADJUST_PLOT_YIELDS',			'PLOT_HAS_FISSURE_REQUIREMENTS_JNR'),
		('JNR_GEOTHERMAL_PLANT_FISSURE_GOLD',		'MODIFIER_SINGLE_PLOT_ADJUST_PLOT_YIELDS',			'PLOT_HAS_FISSURE_REQUIREMENTS_JNR'),
		('JNR_WIND_FARM_COASTAL_GOLD',				'MODIFIER_SINGLE_PLOT_ADJUST_PLOT_YIELDS',			'PLOT_IS_COASTAL_LAND_REQUIREMENTS'),
		('JNR_OFFSHORE_WIND_FARM_OCEAN_GOLD',		'MODIFIER_SINGLE_PLOT_ADJUST_PLOT_YIELDS',			'PLOT_HAS_OCEAN_REQUIREMENTS_JNR'),
		('JNR_SOLAR_FARM_DESERT_GOLD',				'MODIFIER_SINGLE_PLOT_ADJUST_PLOT_YIELDS',			'PLOT_HAS_DESERT_REQUIREMENTS_JNR');

INSERT INTO ModifierArguments(ModifierId, Name, Value) VALUES
		('JNR_GEOTHERMAL_PLANT_FISSURE_PRODUCTION',	'YieldType',	'YIELD_PRODUCTION'),
		('JNR_GEOTHERMAL_PLANT_FISSURE_PRODUCTION',	'Amount',		1),
		('JNR_GEOTHERMAL_PLANT_FISSURE_GOLD',		'YieldType',	'YIELD_GOLD'),
		('JNR_GEOTHERMAL_PLANT_FISSURE_GOLD',		'Amount',		2),
		('JNR_WIND_FARM_COASTAL_GOLD',				'YieldType',	'YIELD_GOLD'),
		('JNR_WIND_FARM_COASTAL_GOLD',				'Amount',		2),
		('JNR_OFFSHORE_WIND_FARM_OCEAN_GOLD',		'YieldType',	'YIELD_GOLD'),
		('JNR_OFFSHORE_WIND_FARM_OCEAN_GOLD',		'Amount',		2),
		('JNR_SOLAR_FARM_DESERT_GOLD',				'YieldType',	'YIELD_GOLD'),
		('JNR_SOLAR_FARM_DESERT_GOLD',				'Amount',		2);

INSERT INTO ImprovementModifiers(ImprovementType, ModifierId) VALUES
		('IMPROVEMENT_GEOTHERMAL_PLANT',			'JNR_GEOTHERMAL_PLANT_FISSURE_PRODUCTION'),
		('IMPROVEMENT_GEOTHERMAL_PLANT',			'JNR_GEOTHERMAL_PLANT_FISSURE_GOLD'),
		('IMPROVEMENT_WIND_FARM',					'JNR_WIND_FARM_COASTAL_GOLD'),
		('IMPROVEMENT_OFFSHORE_WIND_FARM',			'JNR_OFFSHORE_WIND_FARM_OCEAN_GOLD'),
		('IMPROVEMENT_SOLAR_FARM',					'JNR_SOLAR_FARM_DESERT_GOLD');
		
INSERT INTO Requirements(RequirementId, RequirementType) VALUES
		('REQUIRES_PLOT_HAS_FISSURE_JNR',			'REQUIREMENT_PLOT_FEATURE_TYPE_MATCHES'),
		('PLOT_IS_COASTAL_LAND_JNR',				'REQUIREMENT_PLOT_IS_COASTAL_LAND'),
		('REQUIRES_TERRAIN_OCEAN_JNR',				'REQUIREMENT_PLOT_TERRAIN_TYPE_MATCHES'),
		('REQUIRES_PLOT_HAS_DESERT_JNR',			'REQUIREMENT_PLOT_TERRAIN_TYPE_MATCHES');

INSERT INTO RequirementArguments(RequirementId, Name, Value) VALUES
		('REQUIRES_PLOT_HAS_FISSURE_JNR',			'FeatureType',	'FEATURE_GEOTHERMAL_FISSURE'),
		('REQUIRES_TERRAIN_OCEAN_JNR',				'TerrainType',	'TERRAIN_OCEAN'),
		('REQUIRES_PLOT_HAS_DESERT_JNR',			'TerrainType',	'TERRAIN_DESERT');

INSERT INTO RequirementSets(RequirementSetId, RequirementSetType) VALUES
		('PLOT_HAS_FISSURE_REQUIREMENTS_JNR',		'REQUIREMENTSET_TEST_ALL'),
		('PLOT_IS_COASTAL_LAND_REQUIREMENTS_JNR',	'REQUIREMENTSET_TEST_ALL'),
		('PLOT_HAS_OCEAN_REQUIREMENTS_JNR',			'REQUIREMENTSET_TEST_ALL'),
		('PLOT_HAS_DESERT_REQUIREMENTS_JNR',		'REQUIREMENTSET_TEST_ALL');

INSERT INTO RequirementSetRequirements(RequirementSetId, RequirementId) VALUES
		('PLOT_HAS_FISSURE_REQUIREMENTS_JNR',		'REQUIRES_PLOT_HAS_FISSURE_JNR'),
		('PLOT_IS_COASTAL_LAND_REQUIREMENTS_JNR',	'PLOT_IS_COASTAL_LAND_JNR'),
		('PLOT_HAS_OCEAN_REQUIREMENTS_JNR',			'REQUIRES_TERRAIN_OCEAN_JNR'),
		('PLOT_HAS_DESERT_REQUIREMENTS_JNR',		'REQUIRES_PLOT_HAS_DESERT_JNR');

INSERT INTO Modifiers(ModifierId, ModifierType, SubjectRequirementSetId) VALUES
		('JNR_RENEWABLE_ENERGY_BONUS_POWER_GEOTHERMAL_FISSURE',						'MODIFIER_SINGLE_CITY_ADJUST_FREE_POWER',				'PLOT_HAS_FISSURE_REQUIREMENTS_JNR'),
		('JNR_RENEWABLE_ENERGY_BONUS_POWER_WIND_FARM_COASTAL',						'MODIFIER_SINGLE_CITY_ADJUST_FREE_POWER',				'PLOT_IS_COASTAL_LAND_REQUIREMENTS_JNR'),
		('JNR_RENEWABLE_ENERGY_BONUS_POWER_OFFSHORE_WIND_FARM_OCEAN',				'MODIFIER_SINGLE_CITY_ADJUST_FREE_POWER',				'PLOT_HAS_OCEAN_REQUIREMENTS_JNR'),
		('JNR_RENEWABLE_ENERGY_BONUS_POWER_SOLAR_FARM_DESERT',						'MODIFIER_SINGLE_CITY_ADJUST_FREE_POWER',				'PLOT_HAS_DESERT_REQUIREMENTS_JNR');

INSERT INTO ModifierArguments(ModifierId, Name, Value) VALUES
		('JNR_RENEWABLE_ENERGY_BONUS_POWER_GEOTHERMAL_FISSURE',						'SourceType',		'FREE_POWER_SOURCE_GEOTHERMAL'),
		('JNR_RENEWABLE_ENERGY_BONUS_POWER_GEOTHERMAL_FISSURE',						'Amount',			2),
		('JNR_RENEWABLE_ENERGY_BONUS_POWER_WIND_FARM_COASTAL',						'SourceType',		'FREE_POWER_SOURCE_WIND'),
		('JNR_RENEWABLE_ENERGY_BONUS_POWER_WIND_FARM_COASTAL',						'Amount',			1),
		('JNR_RENEWABLE_ENERGY_BONUS_POWER_OFFSHORE_WIND_FARM_OCEAN',				'SourceType',		'FREE_POWER_SOURCE_WIND'),
		('JNR_RENEWABLE_ENERGY_BONUS_POWER_OFFSHORE_WIND_FARM_OCEAN',				'Amount',			1),
		('JNR_RENEWABLE_ENERGY_BONUS_POWER_SOLAR_FARM_DESERT',						'SourceType',		'FREE_POWER_SOURCE_SOLAR'),
		('JNR_RENEWABLE_ENERGY_BONUS_POWER_SOLAR_FARM_DESERT',						'Amount',			1);

INSERT INTO ImprovementModifiers(ImprovementType, ModifierId) VALUES
		('IMPROVEMENT_GEOTHERMAL_PLANT',			'JNR_RENEWABLE_ENERGY_BONUS_POWER_GEOTHERMAL_FISSURE'),
		('IMPROVEMENT_WIND_FARM',					'JNR_RENEWABLE_ENERGY_BONUS_POWER_WIND_FARM_COASTAL'),
		('IMPROVEMENT_OFFSHORE_WIND_FARM',			'JNR_RENEWABLE_ENERGY_BONUS_POWER_OFFSHORE_WIND_FARM_OCEAN'),
		('IMPROVEMENT_SOLAR_FARM',					'JNR_RENEWABLE_ENERGY_BONUS_POWER_SOLAR_FARM_GRASS'),
		('IMPROVEMENT_SOLAR_FARM',					'JNR_RENEWABLE_ENERGY_BONUS_POWER_SOLAR_FARM_PLAINS'),
		('IMPROVEMENT_SOLAR_FARM',					'JNR_RENEWABLE_ENERGY_BONUS_POWER_SOLAR_FARM_DESERT');

INSERT INTO Requirements(RequirementId, RequirementType) VALUES
		('REQUIRES_PLAYER_HAS_TECH_COMPUTERS_JNR',									'REQUIREMENT_PLAYER_HAS_TECHNOLOGY'),
		('REQUIRES_PLAYER_HAS_TECH_COMPOSITES_JNR',									'REQUIREMENT_PLAYER_HAS_TECHNOLOGY'),
		('REQUIRES_PLAYER_HAS_TECH_LASERS_JNR',										'REQUIREMENT_PLAYER_HAS_TECHNOLOGY'),
		('REQUIRES_PLAYER_HAS_TECH_NANOTECHNOLOGY_JNR',								'REQUIREMENT_PLAYER_HAS_TECHNOLOGY');
		
INSERT INTO RequirementArguments(RequirementId, Name, Value) VALUES
		('REQUIRES_PLAYER_HAS_TECH_COMPUTERS_JNR',					'TechnologyType',					'TECH_COMPUTERS'),
		('REQUIRES_PLAYER_HAS_TECH_COMPOSITES_JNR',					'TechnologyType',					'TECH_COMPOSITES'),
		('REQUIRES_PLAYER_HAS_TECH_LASERS_JNR',						'TechnologyType',					'TECH_LASERS'),
		('REQUIRES_PLAYER_HAS_TECH_NANOTECHNOLOGY_JNR',				'TechnologyType',					'TECH_NANOTECHNOLOGY');

INSERT INTO RequirementSets(RequirementSetId, RequirementSetType) VALUES
		('PLAYER_HAS_TECH_COMPUTERS_JNR',			'REQUIREMENTSET_TEST_ALL'),
		('PLAYER_HAS_TECH_COMPOSITES_JNR',			'REQUIREMENTSET_TEST_ALL'),
		('PLAYER_HAS_TECH_LASERS_JNR',				'REQUIREMENTSET_TEST_ALL'),
		('PLAYER_HAS_TECH_NANOTECHNOLOGY_JNR',		'REQUIREMENTSET_TEST_ALL');

INSERT INTO RequirementSetRequirements(RequirementSetId, RequirementId) VALUES
		('PLAYER_HAS_TECH_COMPUTERS_JNR',			'REQUIRES_PLAYER_HAS_TECH_COMPUTERS_JNR'),
		('PLAYER_HAS_TECH_COMPOSITES_JNR',			'REQUIRES_PLAYER_HAS_TECH_COMPOSITES_JNR'),
		('PLAYER_HAS_TECH_LASERS_JNR',				'REQUIRES_PLAYER_HAS_TECH_LASERS_JNR'),
		('PLAYER_HAS_TECH_NANOTECHNOLOGY_JNR',		'REQUIRES_PLAYER_HAS_TECH_NANOTECHNOLOGY_JNR');

INSERT INTO Modifiers(ModifierId, ModifierType, SubjectRequirementSetId) VALUES
		('JNR_RENEWABLE_ENERGY_BONUS_POWER_HYDROELECTRIC_DAM',						'MODIFIER_SINGLE_CITY_ADJUST_FREE_POWER',				'PLAYER_HAS_TECH_COMPUTERS_JNR'),
		('JNR_RENEWABLE_ENERGY_BONUS_POWER_SOLAR_FARM',								'MODIFIER_SINGLE_CITY_ADJUST_FREE_POWER',				'PLAYER_HAS_TECH_COMPOSITES_JNR'),
		('JNR_RENEWABLE_ENERGY_BONUS_POWER_WIND_FARM',								'MODIFIER_SINGLE_CITY_ADJUST_FREE_POWER',				'PLAYER_HAS_TECH_LASERS_JNR'),
		('JNR_RENEWABLE_ENERGY_BONUS_POWER_GEOTHERMAL',								'MODIFIER_SINGLE_CITY_ADJUST_FREE_POWER',				'PLAYER_HAS_TECH_NANOTECHNOLOGY_JNR');

INSERT INTO ModifierArguments(ModifierId, Name, Value) VALUES
		('JNR_RENEWABLE_ENERGY_BONUS_POWER_HYDROELECTRIC_DAM',						'SourceType',		'FREE_POWER_SOURCE_WATER'),
		('JNR_RENEWABLE_ENERGY_BONUS_POWER_HYDROELECTRIC_DAM',						'Amount',			2),
		('JNR_RENEWABLE_ENERGY_BONUS_POWER_SOLAR_FARM',								'SourceType',		'FREE_POWER_SOURCE_SOLAR'),
		('JNR_RENEWABLE_ENERGY_BONUS_POWER_SOLAR_FARM',								'Amount',			1),
		('JNR_RENEWABLE_ENERGY_BONUS_POWER_WIND_FARM',								'SourceType',		'FREE_POWER_SOURCE_WIND'),
		('JNR_RENEWABLE_ENERGY_BONUS_POWER_WIND_FARM',								'Amount',			1),
		('JNR_RENEWABLE_ENERGY_BONUS_POWER_GEOTHERMAL',								'SourceType',		'FREE_POWER_SOURCE_GEOTHERMAL'),
		('JNR_RENEWABLE_ENERGY_BONUS_POWER_GEOTHERMAL',								'Amount',			1);

INSERT INTO BuildingModifiers(BuildingType, ModifierId) VALUES
		('BUILDING_HYDROELECTRIC_DAM',				'JNR_RENEWABLE_ENERGY_BONUS_POWER_HYDROELECTRIC_DAM');

INSERT INTO ImprovementModifiers(ImprovementType, ModifierId) VALUES
		('IMPROVEMENT_SOLAR_FARM',					'JNR_RENEWABLE_ENERGY_BONUS_POWER_SOLAR_FARM'),
		('IMPROVEMENT_WIND_FARM',					'JNR_RENEWABLE_ENERGY_BONUS_POWER_WIND_FARM'),
		('IMPROVEMENT_GEOTHERMAL_PLANT',			'JNR_RENEWABLE_ENERGY_BONUS_POWER_GEOTHERMAL');
