UPDATE Moments SET EraScore = 2 WHERE MomentType = 'MOMENT_FIND_NEW_CONTINENT_FIRST_IN_WORLD';
UPDATE Moments SET EraScore = 2 WHERE MomentType = 'MOMENT_GREAT_PERSON_CREATED_GAME_ERA';
UPDATE Moments SET EraScore = 2 WHERE MomentType = 'MOMENT_UNIT_HIGH_LEVEL_FIRST';
UPDATE Moments SET EraScore = 2 WHERE MomentType = 'MOMENT_UNIT_KILLED_UNDERDOG_MILITARY_FORMATION';
UPDATE Moments SET EraScore = 2 WHERE MomentType = 'MOMENT_UNIT_KILLED_UNDERDOG_PROMOTIONS';

UPDATE ModifierArguments SET Value = 20 WHERE ModifierId = 'COMMEMORATION_INFRASTRUCTURE_BUILDER_DISCOUNT_MODIFIER' AND Name = 'Amount';
UPDATE ModifierArguments SET Value = 20 WHERE ModifierId = 'COMMEMORATION_INFRASTRUCTURE_SETTLER_DISCOUNT_MODIFIER' AND Name = 'Amount';
UPDATE ModifierArguments SET Value = 3 WHERE ModifierId = 'COMMEMORATION_EXPLORATION_GA_FOREIGNIDENTITY' AND Name = 'Amount';
UPDATE ModifierArguments SET Value = 2 WHERE ModifierId = 'COMMEMORATION_ECONOMIC_GA_TRADE_ROUTE_YIELDS' AND Name = 'Amount';

UPDATE ModifierArguments SET Value = 30 WHERE ModifierId = 'ANYONE_CONDEMNS_FOR_FAVOR' AND Name = 'Amount';
UPDATE ModifierArguments SET Value = -6 WHERE ModifierId = 'WC_RES_CITY_LOYALTY_PENALTY' AND Name = 'Amount';
UPDATE ModifierArguments SET Value = 6 WHERE ModifierId = 'WC_RES_CITY_LOYALTY_BONUS' AND Name = 'Amount';
UPDATE ModifierArguments SET Value = 400 WHERE ModifierId = 'WC_RES_MODIFY_CITY_STATE_TRADE_YIELD' AND Name = 'Amount';

INSERT INTO Modifiers(ModifierId, ModifierType, SubjectRequirementSetId) VALUES
	('APPLY_INCREASES_TRADE_TO_GOLD_TO_OTHER', 'MODIFIER_CONGRESS_ATTACH_MODIFIER_TO_PLAYERTYPE', NULL),
	('INCREASES_TRADE_TO_GOLD_OTHER', 'MODIFIER_PLAYER_CITIES_ADJUST_TRADE_ROUTE_YIELD_TO_OTHERS', NULL);
INSERT INTO ModifierArguments(ModifierId, Name, Value) VALUES
	('APPLY_INCREASES_TRADE_TO_GOLD_TO_OTHER', 'ModifierId', 'INCREASES_TRADE_TO_GOLD_OTHER'),
	('INCREASES_TRADE_TO_GOLD_OTHER', 'YieldType', 'YIELD_GOLD'),
	('INCREASES_TRADE_TO_GOLD_OTHER', 'Amount', 4);
INSERT INTO ResolutionEffects(ResolutionEffectId, ResolutionType, WhichEffect, ModifierId) VALUES
	(22, 'WC_RES_TRADE_TREATY', 1, 'APPLY_INCREASES_TRADE_TO_GOLD_TO_OTHER');

INSERT INTO Requirements(RequirementId, RequirementType) VALUES
	('REQUIRES_NOBEL_PRIZE_TARGET_BK', 'REQUIREMENT_REQUIREMENTSET_IS_MET'),
	('REQUIRES_WORLD_GAMES_EMERGENCY_TARGET_BK', 'REQUIREMENT_REQUIREMENTSET_IS_MET');
INSERT INTO RequirementArguments(RequirementId, Name, Value) VALUES
	('REQUIRES_NOBEL_PRIZE_TARGET_BK', 'RequirementSetId', 'NOBEL_PRIZE_TARGET_REQUIREMENTS'),
	('REQUIRES_WORLD_GAMES_EMERGENCY_TARGET_BK', 'RequirementSetId', 'WORLD_GAMES_EMERGENCY_TARGET_REQUIREMENTS');
INSERT INTO RequirementSets(RequirementSetId, RequirementSetType) VALUES
	('NOBEL_PRIZE_TARGET_REQUIREMENTS_ALWAYS_BK', 'REQUIREMENTSET_TEST_ANY');
INSERT INTO RequirementSetRequirements(RequirementSetId, RequirementId) VALUES
	('NOBEL_PRIZE_TARGET_REQUIREMENTS_ALWAYS_BK', 'REQUIRES_NOBEL_PRIZE_TARGET_BK'),
	('NOBEL_PRIZE_TARGET_REQUIREMENTS_ALWAYS_BK', 'REQUIRES_WORLD_GAMES_EMERGENCY_TARGET_BK');
	
UPDATE EmergencyAlliances SET TargetRequirementSet = 'NOBEL_PRIZE_TARGET_REQUIREMENTS_ALWAYS_BK' WHERE EmergencyType = 'EMERGENCY_NOBEL_PRIZE_LITERATURE';
UPDATE EmergencyAlliances SET TargetRequirementSet = 'NOBEL_PRIZE_TARGET_REQUIREMENTS_ALWAYS_BK' WHERE EmergencyType = 'EMERGENCY_NOBEL_PRIZE_PEACE';
UPDATE EmergencyAlliances SET TargetRequirementSet = 'NOBEL_PRIZE_TARGET_REQUIREMENTS_ALWAYS_BK' WHERE EmergencyType = 'EMERGENCY_NOBEL_PRIZE_PHYSICS';

UPDATE ModifierArguments SET Value = 1 WHERE ModifierId = 'AID_REQUEST_FIRST_PLACE_VICTORY_POINT' AND Name = 'Amount';

DELETE FROM AllianceEffects WHERE AllianceType = 'ALLIANCE_ECONOMIC' AND LevelRequirement != 1;
INSERT INTO Types(Type, Kind) VALUES
	('MODIFIER_ALLIANCE_CITIES_ADJUST_POLICY_AMENITY_BK', 'KIND_MODIFIER'),
	('MODIFIER_ALLIANCE_ADJUST_BONUS_ENVOY_WHEN_TRADE_ROUTE_TO_BK', 'KIND_MODIFIER');
INSERT INTO DynamicModifiers(ModifierType, CollectionType, EffectType) VALUES
	('MODIFIER_ALLIANCE_CITIES_ADJUST_POLICY_AMENITY_BK', 'COLLECTION_ALLIANCE_CITIES', 'EFFECT_ADJUST_POLICY_AMENITY'),
	('MODIFIER_ALLIANCE_ADJUST_BONUS_ENVOY_WHEN_TRADE_ROUTE_TO_BK', 'COLLECTION_ALLIANCE_PLAYERS', 'EFFECT_ADJUST_DUPLICATE_INFLUENCE_TOKEN_WHEN_TRADE_ROUTE_TO');
INSERT INTO Modifiers(ModifierId, ModifierType, SubjectRequirementSetId) VALUES
	('ALLIANCE_ENTERTAINMENT_BK', 'MODIFIER_ALLIANCE_CITIES_ADJUST_POLICY_AMENITY_BK', 'ALLIANCE_CITY_HAS_TRADE_ROUTE_WITH_ALLY'),
	('ALLIANCE_ENVOY_POINTS_BK', 'MODIFIER_ALLIANCE_ADJUST_BONUS_ENVOY_WHEN_TRADE_ROUTE_TO_BK', NULL);
INSERT INTO ModifierArguments(ModifierId, Name, Value) VALUES
	('ALLIANCE_ENTERTAINMENT_BK', 'Amount', 3),
	('ALLIANCE_ENVOY_POINTS_BK', 'Amount', 1);
INSERT INTO ModifierStrings(ModifierId, Context, Text) VALUES
	('ALLIANCE_ENTERTAINMENT_BK', 'Summary', 'LOC_ALLIANCE_LV2_ECONOMIC_EFFECT_1'),
	('ALLIANCE_ENVOY_POINTS_BK', 'Summary', 'LOC_ALLIANCE_LV3_ECONOMIC_EFFECT');
INSERT INTO AllianceEffects(AllianceType, LevelRequirement, ModifierID) VALUES
	('ALLIANCE_ECONOMIC', 2, 'ALLIANCE_ENTERTAINMENT_BK'),
	('ALLIANCE_ECONOMIC', 3, 'ALLIANCE_ENVOY_POINTS_BK');
