UPDATE Improvements SET PrereqTech='TECH_COMBUSTION' WHERE ImprovementType='IMPROVEMENT_OFFSHORE_OIL_RIG';
UPDATE Improvement_YieldChanges SET YieldChange=3 WHERE ImprovementType='IMPROVEMENT_OIL_WELL' AND YieldType='YIELD_PRODUCTION';
UPDATE Improvement_YieldChanges SET YieldChange=3 WHERE ImprovementType='IMPROVEMENT_OFFSHORE_OIL_RIG' AND YieldType='YIELD_PRODUCTION';

DELETE FROM Resource_YieldChanges WHERE ResourceType='RESOURCE_FURS';
DELETE FROM Resource_YieldChanges WHERE ResourceType='RESOURCE_CITRUS';
DELETE FROM Resource_YieldChanges WHERE ResourceType='RESOURCE_HONEY';
DELETE FROM Resource_YieldChanges WHERE ResourceType='RESOURCE_SPICES';
DELETE FROM Resource_YieldChanges WHERE ResourceType='RESOURCE_SUGAR';
DELETE FROM Resource_YieldChanges WHERE ResourceType='RESOURCE_SILK';
DELETE FROM Resource_YieldChanges WHERE ResourceType='RESOURCE_COTTON';
DELETE FROM Resource_YieldChanges WHERE ResourceType='RESOURCE_URANIUM';
DELETE FROM Resource_YieldChanges WHERE ResourceType='RESOURCE_ALUMINUM';
INSERT INTO Resource_YieldChanges(ResourceType, YieldType, YieldChange) VALUES
		('RESOURCE_FURS',		'YIELD_PRODUCTION',	1),
		('RESOURCE_FURS',		'YIELD_GOLD',		1),
		('RESOURCE_CITRUS',		'YIELD_FOOD',		1),
		('RESOURCE_CITRUS',		'YIELD_GOLD',		1),
		('RESOURCE_HONEY',		'YIELD_FOOD',		1),
		('RESOURCE_HONEY',		'YIELD_GOLD',		1),
		('RESOURCE_SPICES',		'YIELD_FOOD',		1),
		('RESOURCE_SPICES',		'YIELD_GOLD',		1),
		('RESOURCE_SUGAR',		'YIELD_FOOD',		1),
		('RESOURCE_COTTON',		'YIELD_PRODUCTION',	1),
		('RESOURCE_COTTON',		'YIELD_GOLD',		1),
		('RESOURCE_SILK',		'YIELD_GOLD',		3),
		('RESOURCE_AMBER',		'YIELD_GOLD',		1),
		('RESOURCE_COFFEE',		'YIELD_GOLD',		1),
		('RESOURCE_JADE',		'YIELD_GOLD',		1),
		('RESOURCE_MARBLE',		'YIELD_GOLD',		1),
		('RESOURCE_MERCURY',	'YIELD_GOLD',		1),
		('RESOURCE_TEA',		'YIELD_GOLD',		1),
		('RESOURCE_TURTLES',	'YIELD_GOLD',		1),
		('RESOURCE_DYES',		'YIELD_GOLD',		1),
		('RESOURCE_PEARLS',		'YIELD_GOLD',		1),
		('RESOURCE_TOBACCO',	'YIELD_GOLD',		1),
		('RESOURCE_INCENSE',	'YIELD_GOLD',		1),
		
		('RESOURCE_URANIUM',	'YIELD_SCIENCE',	1),
		('RESOURCE_URANIUM',	'YIELD_PRODUCTION',	1),
		('RESOURCE_ALUMINUM',	'YIELD_PRODUCTION',	2),
		('RESOURCE_IRON',		'YIELD_PRODUCTION',	1);

--Fort--	
INSERT INTO Improvement_YieldChanges(ImprovementType, YieldType, YieldChange) VALUES
		('IMPROVEMENT_FORT', 'YIELD_PRODUCTION', 1),
		('IMPROVEMENT_AIRSTRIP', 'YIELD_PRODUCTION', 2),
		('IMPROVEMENT_MISSILE_SILO', 'YIELD_PRODUCTION', 2);
UPDATE Improvements SET AirSlots = 2 WHERE ImprovementType = 'IMPROVEMENT_AIRSTRIP';
UPDATE Improvements SET Appeal = -1 WHERE ImprovementType = 'IMPROVEMENT_MISSILE_SILO';

INSERT INTO TraitModifiers(TraitType, ModifierId) VALUES			
		('TRAIT_LEADER_MAJOR_CIV', 'TRAIT_FORT_GARRISON_CULTURE_JNR'),
		('TRAIT_LEADER_MAJOR_CIV', 'TRAIT_FORT_GARRISON_PRODUCTION_JNR'),
		('MINOR_CIV_DEFAULT_TRAIT', 'TRAIT_FORT_GARRISON_CULTURE_JNR'),
		('MINOR_CIV_DEFAULT_TRAIT', 'TRAIT_FORT_GARRISON_PRODUCTION_JNR');
INSERT INTO Modifiers(ModifierId, ModifierType, SubjectRequirementSetId) VALUES
		('TRAIT_FORT_GARRISON_CULTURE_JNR', 'MODIFIER_PLAYER_CITIES_ATTACH_MODIFIER', NULL),
		('FORT_GARRISON_CULTURE_JNR', 'MODIFIER_CITY_PLOT_YIELDS_ADJUST_PLOT_YIELD', 'PLOT_HAS_FORT_OR_UNIQUE_GARRISON_JNR'),
		('TRAIT_FORT_GARRISON_PRODUCTION_JNR', 'MODIFIER_PLAYER_CITIES_ATTACH_MODIFIER', NULL),
		('FORT_GARRISON_PRODUCTION_JNR', 'MODIFIER_CITY_PLOT_YIELDS_ADJUST_PLOT_YIELD', 'PLOT_HAS_FORT_OR_UNIQUE_GARRISON_JNR');
INSERT INTO ModifierArguments(ModifierId, Name, Value) VALUES
		('TRAIT_FORT_GARRISON_CULTURE_JNR', 'ModifierId', 'FORT_GARRISON_CULTURE_JNR'),
		('FORT_GARRISON_CULTURE_JNR', 'YieldType', 'YIELD_CULTURE'),
		('FORT_GARRISON_CULTURE_JNR', 'Amount', 1),
		('TRAIT_FORT_GARRISON_PRODUCTION_JNR', 'ModifierId', 'FORT_GARRISON_PRODUCTION_JNR'),
		('FORT_GARRISON_PRODUCTION_JNR', 'YieldType', 'YIELD_PRODUCTION'),
		('FORT_GARRISON_PRODUCTION_JNR', 'Amount', 1);

INSERT INTO Requirements(RequirementId, RequirementType) VALUES
		('REQUIRES_PLOT_HAS_FORT_OR_UNIQUE_JNR',	'REQUIREMENT_REQUIREMENTSET_IS_MET'),
		('REQUIRES_PLOT_HAS_FORT_JNR',				'REQUIREMENT_PLOT_IMPROVEMENT_TYPE_MATCHES'),
		('REQUIRES_PLOT_HAS_ROMAN_FORT_JNR',		'REQUIREMENT_PLOT_IMPROVEMENT_TYPE_MATCHES'),
		('REQUIRES_PLOT_HAS_GREAT_WALL_JNR',		'REQUIREMENT_PLOT_IMPROVEMENT_TYPE_MATCHES'),
		('REQUIRES_PLOT_HAS_ALCAZAR_JNR',			'REQUIREMENT_PLOT_IMPROVEMENT_TYPE_MATCHES'),
		('REQUIRES_PLOT_HAS_MAORI_PA_JNR',			'REQUIREMENT_PLOT_IMPROVEMENT_TYPE_MATCHES');
INSERT INTO RequirementArguments(RequirementId, Name, Value) VALUES
		('REQUIRES_PLOT_HAS_FORT_OR_UNIQUE_JNR',	'RequirementSetId',	'PLOT_HAS_FORT_OR_UNIQUE_JNR'),
		('REQUIRES_PLOT_HAS_FORT_JNR',				'ImprovementType',	'IMPROVEMENT_FORT'),
		('REQUIRES_PLOT_HAS_ROMAN_FORT_JNR',		'ImprovementType',	'IMPROVEMENT_ROMAN_FORT'),
		('REQUIRES_PLOT_HAS_GREAT_WALL_JNR',		'ImprovementType',	'IMPROVEMENT_GREAT_WALL'),
		('REQUIRES_PLOT_HAS_ALCAZAR_JNR',			'ImprovementType',	'IMPROVEMENT_ALCAZAR'),
		('REQUIRES_PLOT_HAS_MAORI_PA_JNR',			'ImprovementType',	'IMPROVEMENT_MAORI_PA');
INSERT INTO RequirementSets(RequirementSetId, RequirementSetType) VALUES
		('PLOT_HAS_FORT_OR_UNIQUE_GARRISON_JNR',	'REQUIREMENTSET_TEST_ALL'),
		('PLOT_HAS_FORT_OR_UNIQUE_JNR',				'REQUIREMENTSET_TEST_ANY');
INSERT INTO RequirementSetRequirements(RequirementSetId, RequirementId) VALUES
		('PLOT_HAS_FORT_OR_UNIQUE_GARRISON_JNR',	'REQUIRES_PLOT_HAS_FORT_OR_UNIQUE_JNR'),
		('PLOT_HAS_FORT_OR_UNIQUE_GARRISON_JNR',	'REQUIRES_CITY_HAS_GARRISON_UNIT'),
		('PLOT_HAS_FORT_OR_UNIQUE_JNR',				'REQUIRES_PLOT_HAS_FORT_JNR'),
		('PLOT_HAS_FORT_OR_UNIQUE_JNR',				'REQUIRES_PLOT_HAS_ROMAN_FORT_JNR'),
		('PLOT_HAS_FORT_OR_UNIQUE_JNR',				'REQUIRES_PLOT_HAS_GREAT_WALL_JNR'),
		('PLOT_HAS_FORT_OR_UNIQUE_JNR',				'REQUIRES_PLOT_HAS_ALCAZAR_JNR'),
		('PLOT_HAS_FORT_OR_UNIQUE_JNR',				'REQUIRES_PLOT_HAS_MAORI_PA_JNR');
