-- === Governments ===
INSERT INTO Policy_GovernmentExclusives_XP2(PolicyType, GovernmentType) VALUES
		('POLICY_FINEST_HOUR',				'GOVERNMENT_DIGITAL_DEMOCRACY'),
		('POLICY_NEW_DEAL',					'GOVERNMENT_DIGITAL_DEMOCRACY'),
		('POLICY_NEW_DEAL',					'GOVERNMENT_SYNTHETIC_TECHNOCRACY'),
		('POLICY_THIRD_ALTERNATIVE',		'GOVERNMENT_CORPORATE_LIBERTARIANISM'),
		('POLICY_THIRD_ALTERNATIVE',		'GOVERNMENT_DIGITAL_DEMOCRACY'),
		('POLICY_MARTIAL_LAW',				'GOVERNMENT_CORPORATE_LIBERTARIANISM'),
		('POLICY_COLLECTIVIZATION',			'GOVERNMENT_SYNTHETIC_TECHNOCRACY'),
		('POLICY_DEFENSE_OF_MOTHERLAND',	'GOVERNMENT_CORPORATE_LIBERTARIANISM'),
		('POLICY_DEFENSE_OF_MOTHERLAND',	'GOVERNMENT_SYNTHETIC_TECHNOCRACY');

DELETE FROM GovernmentModifiers WHERE GovernmentType='GOVERNMENT_MONARCHY' AND ModifierId='MONARCHY_STARFORT_FAVOR';
UPDATE ModifierArguments SET Value='30' WHERE ModifierId='MONARCHY_ENVOYS' AND Name='Amount';
UPDATE ModifierArguments SET Value='15' WHERE ModifierId='MERCHANT_REPUBLIC_GOLD_MODIFIER' AND Name='Amount';
UPDATE ModifierArguments SET Value='20' WHERE ModifierId='MERCHANT_REPUBLIC_DISTRICTS' AND Name='Amount';
UPDATE ModifierArguments SET Value='0.4' WHERE ModifierId='THEOCRACY_RELIGIOUS_PEOPLE' AND Name='Amount';
UPDATE ModifierArguments SET Value='0.8' WHERE ModifierId='COMMUNISM_PRODUCTIVE_PEOPLE' AND Name='Amount';
UPDATE ModifierArguments SET Value='-25' WHERE ModifierId='FASCISM_WAR_WEARINESS' AND Name='Amount';
UPDATE ModifierArguments SET Value='30' WHERE ModifierId='FASCISM_UNIT_PRODUCTION' AND Name='Amount';
UPDATE ModifierArguments SET Value='3' WHERE ModifierId='DEMOCRACY_TRADEROUTEFOODTOALLY' AND Name='Amount';
UPDATE ModifierArguments SET Value='3' WHERE ModifierId='DEMOCRACY_TRADEROUTEPRODUCTIONTOALLY' AND Name='Amount';
UPDATE ModifierArguments SET Value='3' WHERE ModifierId='DEMOCRACY_TRADEROUTEFOODFROMALLY' AND Name='Amount';
UPDATE ModifierArguments SET Value='3' WHERE ModifierId='DEMOCRACY_TRADEROUTEPRODUCTIONFROMALLY' AND Name='Amount';
UPDATE ModifierArguments SET Value='3' WHERE ModifierId='DEMOCRACY_TRADEROUTEFOODTOSUZERAIN' AND Name='Amount';
UPDATE ModifierArguments SET Value='3' WHERE ModifierId='DEMOCRACY_TRADEROUTEPRODUCTIONTOSUZERAIN' AND Name='Amount';
UPDATE ModifierArguments SET Value='3' WHERE ModifierId='DEMOCRACY_TRADEROUTEFOODFROMSUZERAIN' AND Name='Amount';
UPDATE ModifierArguments SET Value='3' WHERE ModifierId='DEMOCRACY_TRADEROUTEPRODUCTIONFROMSUZERAIN' AND Name='Amount';

UPDATE Government_SlotCounts SET NumSlots=3 WHERE GovernmentType='GOVERNMENT_MERCHANT_REPUBLIC' AND GovernmentSlotType='SLOT_ECONOMIC';
UPDATE Government_SlotCounts SET NumSlots=1 WHERE GovernmentType='GOVERNMENT_MERCHANT_REPUBLIC' AND GovernmentSlotType='SLOT_DIPLOMATIC';


-- === Loyalty Adjustments ===
UPDATE ModifierArguments SET Value='3' WHERE ModifierId='LIMITANEI_GARRISONIDENTITY' AND Name='Amount';
UPDATE ModifierArguments SET Value='6' WHERE ModifierId='MARTIALLAW_GARRISONIDENTITY' AND Name='Amount';

UPDATE ModifierArguments SET Value='4' WHERE ModifierId='PRAETORIUM_GOVERNORIDENTITY' AND Name='Amount';
INSERT INTO PolicyModifiers (PolicyType, ModifierId) VALUES
	('POLICY_COMMUNICATIONS_OFFICE', 'COMMUNICATIONS_OFFICE_GOVERNOR_IDENTITY_BK');
INSERT INTO Modifiers(ModifierId, ModifierType, SubjectRequirementSetId) VALUES
	('COMMUNICATIONS_OFFICE_GOVERNOR_IDENTITY_BK', 'MODIFIER_PLAYER_CITIES_ADJUST_IDENTITY_PER_TURN', 'CITY_HAS_ASSIGNED_GOVERNOR');
INSERT INTO ModifierArguments(ModifierId, Name, Value) VALUES
	('COMMUNICATIONS_OFFICE_GOVERNOR_IDENTITY_BK', 'Amount', 2);
	
UPDATE Modifiers SET SubjectRequirementSetId='CITY_HAS_ASSIGNED_GOVERNOR' WHERE ModifierId='CIVILPRESTIGE_GOVAMENITY';
UPDATE Modifiers SET SubjectRequirementSetId='CITY_HAS_ASSIGNED_GOVERNOR' WHERE ModifierId='CIVILPRESTIGE_GOVHOUSING';
INSERT INTO PolicyModifiers (PolicyType, ModifierId) VALUES
	('POLICY_PROPAGANDA', 'RETAINERS_AMENITYBONUS');
UPDATE ModifierArguments SET Value='-2' WHERE ModifierId='MUSIC_CENSORSHIP_AMENITY_LOSS' AND Name='Amount';


-- === Defense Adjustments ===
INSERT INTO Types(Type, Kind) VALUES
	('MODIFIER_ADJUST_ATTACKER_STRENGTH_BK', 'KIND_MODIFIER');
INSERT INTO DynamicModifiers(ModifierType, CollectionType, EffectType) VALUES
	('MODIFIER_ADJUST_ATTACKER_STRENGTH_BK', 'COLLECTION_PLAYER_COMBAT', 'EFFECT_ADJUST_PLAYER_STRENGTH_MODIFIER');
DELETE FROM PolicyModifiers WHERE PolicyType = 'POLICY_BASTIONS' AND ModifierId = 'BASTIONS_RANGEDSTRIKE';
INSERT INTO PolicyModifiers(PolicyType, ModifierId) VALUES
	('POLICY_BASTIONS', 'BASTIONS_RANGEDSTRIKE_BK');
INSERT INTO Modifiers(ModifierId, ModifierType, SubjectRequirementSetId) VALUES
	('BASTIONS_RANGEDSTRIKE_BK', 'MODIFIER_ADJUST_ATTACKER_STRENGTH_BK', 'IS_RANGEDSTRIKE_BK');
INSERT INTO ModifierArguments(ModifierId, Name, Value) VALUES
	('BASTIONS_RANGEDSTRIKE_BK', 'Amount', 6);
INSERT INTO RequirementSets(RequirementSetId, RequirementSetType) VALUES
	('IS_RANGEDSTRIKE_BK', 'REQUIREMENTSET_TEST_ALL');
INSERT INTO RequirementSetRequirements(RequirementSetId, RequirementId) VALUES
	('IS_RANGEDSTRIKE_BK', 'REQUIRES_COMBAT_IS_CITY_STRIKE'),
	('IS_RANGEDSTRIKE_BK', 'PLAYER_IS_ATTACKER_REQUIREMENTS');

UPDATE ModifierArguments SET Value='50' WHERE Name='Amount' AND ModifierId IN (SELECT ModifierId FROM PolicyModifiers WHERE PolicyType='POLICY_LIMES');
DELETE FROM ObsoletePolicies WHERE PolicyType='POLICY_BASTIONS';

DELETE FROM ObsoletePolicies WHERE PolicyType='POLICY_MILITARY_RESEARCH';
INSERT INTO PolicyModifiers (PolicyType, ModifierId) VALUES
	('POLICY_THIRD_ALTERNATIVE', 'THIRDALTERNATIVE_SEAPORT_CULTURE_BK'),
	('POLICY_THIRD_ALTERNATIVE', 'THIRDALTERNATIVE_SEAPORT_GOLD_BK');
INSERT INTO Modifiers(ModifierId, ModifierType) VALUES
	('THIRDALTERNATIVE_SEAPORT_CULTURE_BK', 'MODIFIER_PLAYER_CITIES_ADJUST_BUILDING_YIELD_CHANGE'),
	('THIRDALTERNATIVE_SEAPORT_GOLD_BK', 'MODIFIER_PLAYER_CITIES_ADJUST_BUILDING_YIELD_CHANGE');
INSERT INTO ModifierArguments(ModifierId, Name, Value) VALUES
	('THIRDALTERNATIVE_SEAPORT_CULTURE_BK', 'BuildingType', 'BUILDING_SEAPORT'),
	('THIRDALTERNATIVE_SEAPORT_CULTURE_BK', 'YieldType', 'YIELD_CULTURE'),
	('THIRDALTERNATIVE_SEAPORT_CULTURE_BK', 'Amount', 2),
	('THIRDALTERNATIVE_SEAPORT_GOLD_BK', 'BuildingType', 'BUILDING_SEAPORT'),
	('THIRDALTERNATIVE_SEAPORT_GOLD_BK', 'YieldType', 'YIELD_GOLD'),
	('THIRDALTERNATIVE_SEAPORT_GOLD_BK', 'Amount', 4);


-- === Misc Adjustments ===
UPDATE ModifierArguments SET Value='2' WHERE ModifierId='PUBLICTRANSPORT_NEIGHBORHOOD_GOLD' AND Name='Amount';
UPDATE ModifierArguments SET Value='8' WHERE ModifierId='ECOMMERCE_INTERNATIONALTRADEGOLD' AND Name='Amount';

UPDATE ObsoletePolicies SET ObsoletePolicy='POLICY_PUBLIC_WORKS' WHERE PolicyType='POLICY_ILKUM';
INSERT INTO PolicyModifiers (PolicyType, ModifierId) VALUES
	('POLICY_LOGISTICS', 'LOGISTICS_MILITARY_ENGINEER_BK');
INSERT INTO Modifiers(ModifierId, ModifierType, SubjectRequirementSetId) VALUES
	('LOGISTICS_MILITARY_ENGINEER_BK', 'MODIFIER_PLAYER_TRAINED_UNITS_ADJUST_BUILDER_CHARGES', 'UNIT_IS_MILITARY_ENGINEER');
INSERT INTO ModifierArguments(ModifierId, Name, Value) VALUES
	('LOGISTICS_MILITARY_ENGINEER_BK', 'Amount', 1);

UPDATE Policies SET PrereqCivic='CIVIC_CRAFTSMANSHIP' WHERE PolicyType='POLICY_LIMITANEI';
UPDATE Policies SET PrereqCivic='CIVIC_MASS_MEDIA' WHERE PolicyType='POLICY_ECONOMIC_UNION';
UPDATE Policies SET PrereqCivic='CIVIC_MOBILIZATION' WHERE PolicyType='POLICY_LIGHTNING_WARFARE';
UPDATE Policies SET PrereqCivic='CIVIC_IDEOLOGY' WHERE PolicyType='POLICY_INTERNATIONAL_WATERS';
UPDATE Policies SET PrereqCivic='CIVIC_COLD_WAR' WHERE PolicyType='POLICY_MILITARY_FIRST';
UPDATE Policies SET PrereqCivic='CIVIC_RAPID_DEPLOYMENT' WHERE PolicyType='POLICY_SECOND_STRIKE_CAPABILITY';
INSERT INTO PolicyModifiers (PolicyType, ModifierId) VALUES
	('POLICY_MARITIME_INDUSTRIES', 'PRESSGANGS_MEDIEVAL_NAVAL_MELEE_PRODUCTION'),
	('POLICY_MARITIME_INDUSTRIES', 'PRESSGANGS_MEDIEVAL_NAVAL_RANGED_PRODUCTION'),
	('POLICY_MARITIME_INDUSTRIES', 'PRESSGANGS_MEDIEVAL_NAVAL_RAIDER_PRODUCTION');

UPDATE Policies SET GovernmentSlotType="SLOT_DIPLOMATIC" WHERE PolicyType='POLICY_TRADE_CONFEDERATION';
UPDATE Policies SET GovernmentSlotType="SLOT_DIPLOMATIC" WHERE PolicyType='POLICY_CIVIL_PRESTIGE';
UPDATE Policies SET GovernmentSlotType="SLOT_MILITARY" WHERE PolicyType='POLICY_RELIGIOUS_ORDERS';
UPDATE Policies SET GovernmentSlotType="SLOT_DIPLOMATIC" WHERE PolicyType='POLICY_TRIANGULAR_TRADE';
UPDATE Policies SET GovernmentSlotType="SLOT_DIPLOMATIC" WHERE PolicyType='POLICY_MARKET_ECONOMY';
UPDATE Policies SET GovernmentSlotType="SLOT_MILITARY" WHERE PolicyType='POLICY_FIVE_YEAR_PLAN';
UPDATE Policies SET GovernmentSlotType="SLOT_DIPLOMATIC" WHERE PolicyType='POLICY_ECOMMERCE';


-- === Future Civic Adjustments ===
UPDATE ModifierArguments SET Value='30' WHERE ModifierId='FUTURE_COUNTER_CULTURE_TOURISM_REDUCTION' AND Name='Modifier';
UPDATE ModifierArguments SET Value='2' WHERE ModifierId='FUTURE_COUNTER_DIPLOMATIC_FAVOR_PER_TURN' AND Name='Amount';
UPDATE ModifierArguments SET Value='6' WHERE ModifierId='FUTURE_VICTORY_DIPLOMATIC_FAVOR_PER_TURN' AND Name='Amount';

UPDATE ModifierArguments SET Value='50' WHERE ModifierId='MONASTICISM_HOLYSITE_SCIENCE' AND Name='Amount';
UPDATE ModifierArguments SET Value='10' WHERE ModifierId='INQUISITION_FRIENDLY_TERRITORY_BONUS' AND Name='Amount';
UPDATE ModifierArguments SET Value='-75' WHERE ModifierId='FLOWER_POWER_PRODUCTION_INCREASE' AND Name='Amount';
UPDATE ModifierArguments SET Value='-200' WHERE ModifierId='FLOWER_POWER_PURCHASE_INCREASE' AND Name='Amount';
UPDATE ModifierArguments SET Value='30' WHERE ModifierId='AUTOMATED_WORKFORCE_PROJECT_PRODUCTION' AND Name='Amount';
UPDATE ModifierArguments SET Value='-6' WHERE ModifierId='AUTOMATED_WORKFORCE_LOYALTY_LOSS' AND Name='Amount';
UPDATE ModifierArguments SET Value='2' WHERE ModifierId='DISINFORMATION_CAMPAIGN_BROADCAST_FAVOR' AND Name='Favor';
UPDATE ModifierArguments SET Value='-25' WHERE ModifierId='DISINFORMATION_CAMPAIGN_SCIENCE_REDUCTION' AND Name='Amount';
UPDATE ModifierArguments SET Value='-25' WHERE ModifierId='DISINFORMATION_CAMPAIGN_CULTURE_REDUCTION' AND Name='Amount';


-- === Warrior Monk ===
INSERT INTO GovernmentModifiers(GovernmentType, ModifierId) VALUES
	('GOVERNMENT_THEOCRACY', 'THEOCRACY_MONK_BUFF_BK');
INSERT INTO Types (Type, Kind) VALUES
	('ABILITY_THEOCRACY_MONK_BUFF_BK', 'KIND_ABILITY');
INSERT INTO TypeTags (Type, Tag) VALUES
	('ABILITY_THEOCRACY_MONK_BUFF_BK', 'CLASS_WARRIOR_MONK');
INSERT INTO UnitAbilities (UnitAbilityType, Inactive) VALUES
	('ABILITY_THEOCRACY_MONK_BUFF_BK', 1);
INSERT INTO UnitAbilityModifiers (UnitAbilityType, ModifierId) VALUES
	('ABILITY_THEOCRACY_MONK_BUFF_BK', 'THEOCRACY_MONK_BUFF_MODIFIER_BK');
INSERT INTO Modifiers (ModifierId, ModifierType) VALUES
	('THEOCRACY_MONK_BUFF_BK', 'MODIFIER_PLAYER_UNITS_GRANT_ABILITY'),
	('THEOCRACY_MONK_BUFF_MODIFIER_BK', 'MODIFIER_UNIT_ADJUST_COMBAT_STRENGTH');
INSERT INTO ModifierArguments (ModifierId, Name, Value) VALUES
	('THEOCRACY_MONK_BUFF_BK', 'AbilityType', 'ABILITY_THEOCRACY_MONK_BUFF_BK'),
	('THEOCRACY_MONK_BUFF_MODIFIER_BK', 'Amount', 5);
INSERT INTO ModifierStrings(ModifierId, Context, Text) VALUES
	('THEOCRACY_MONK_BUFF_MODIFIER_BK', 'Preview', 'LOC_THEOCRACY_MONK_BUFF_BK_PREVIEW');

INSERT INTO PolicyModifiers(PolicyType, ModifierId) VALUES
	('POLICY_RELIGIOUS_ORDERS', 'RELIGIOUSORDERS_MONK_BUFF');	
INSERT INTO Types (Type, Kind) VALUES
	('ABILITY_RELIGIOUS_ORDERS_MONK_BUFF_BK', 'KIND_ABILITY');
INSERT INTO TypeTags (Type, Tag) VALUES
	('ABILITY_RELIGIOUS_ORDERS_MONK_BUFF_BK', 'CLASS_WARRIOR_MONK');
INSERT INTO UnitAbilities (UnitAbilityType, Inactive) VALUES
	('ABILITY_RELIGIOUS_ORDERS_MONK_BUFF_BK', 1);
INSERT INTO UnitAbilityModifiers (UnitAbilityType, ModifierId) VALUES
	('ABILITY_RELIGIOUS_ORDERS_MONK_BUFF_BK', 'RELIGIOUSORDERS_MONK_BUFF_MODIFIER_BK');
INSERT INTO Modifiers (ModifierId, ModifierType) VALUES
	('RELIGIOUSORDERS_MONK_BUFF', 'MODIFIER_PLAYER_UNITS_GRANT_ABILITY'),
	('RELIGIOUSORDERS_MONK_BUFF_MODIFIER_BK', 'MODIFIER_UNIT_ADJUST_COMBAT_STRENGTH');
INSERT INTO ModifierArguments (ModifierId, Name, Value) VALUES
	('RELIGIOUSORDERS_MONK_BUFF', 'AbilityType', 'ABILITY_RELIGIOUS_ORDERS_MONK_BUFF_BK'),
	('RELIGIOUSORDERS_MONK_BUFF_MODIFIER_BK', 'Amount', 5);
INSERT INTO ModifierStrings(ModifierId, Context, Text) VALUES
	('RELIGIOUSORDERS_MONK_BUFF_MODIFIER_BK', 'Preview', 'LOC_RELIGIOUS_ORDERS_MONK_BUFF_BK_PREVIEW');


-- === Naval Unit Production ===
UPDATE ModifierArguments SET Value='50' WHERE ModifierId='MARITIMIEINDUSTRIES_ANCIENT_NAVAL_MELEE_PRODUCTION' AND Name='Amount';
UPDATE ModifierArguments SET Value='50' WHERE ModifierId='MARITIMIEINDUSTRIES_CLASSICAL_NAVAL_MELEE_PRODUCTION' AND Name='Amount';
UPDATE ModifierArguments SET Value='50' WHERE ModifierId='MARITIMIEINDUSTRIES_ANCIENT_NAVAL_RANGED_PRODUCTION' AND Name='Amount';
UPDATE ModifierArguments SET Value='50' WHERE ModifierId='MARITIMIEINDUSTRIES_CLASSICAL_NAVAL_RANGED_PRODUCTION' AND Name='Amount';
UPDATE ModifierArguments SET Value='50' WHERE ModifierId='MARITIMIEINDUSTRIES_ANCIENT_NAVAL_RAIDER_PRODUCTION' AND Name='Amount';
UPDATE ModifierArguments SET Value='50' WHERE ModifierId='MARITIMIEINDUSTRIES_CLASSICAL_NAVAL_RAIDER_PRODUCTION' AND Name='Amount';

UPDATE ModifierArguments SET Value='50' WHERE ModifierId='PRESSGANGS_MEDIEVAL_NAVAL_MELEE_PRODUCTION' AND Name='Amount';
UPDATE ModifierArguments SET Value='50' WHERE ModifierId='PRESSGANGS_MEDIEVAL_NAVAL_RANGED_PRODUCTION' AND Name='Amount';
UPDATE ModifierArguments SET Value='50' WHERE ModifierId='PRESSGANGS_MEDIEVAL_NAVAL_RAIDER_PRODUCTION' AND Name='Amount';
UPDATE ModifierArguments SET Value='50' WHERE ModifierId='PRESSGANGS_RENAISSANCE_NAVAL_MELEE_PRODUCTION' AND Name='Amount';
UPDATE ModifierArguments SET Value='50' WHERE ModifierId='PRESSGANGS_RENAISSANCE_NAVAL_RANGED_PRODUCTION' AND Name='Amount';
UPDATE ModifierArguments SET Value='50' WHERE ModifierId='PRESSGANGS_RENAISSANCE_NAVAL_RAIDER_PRODUCTION' AND Name='Amount';
UPDATE ModifierArguments SET Value='50' WHERE ModifierId='PRESSGANGS_INDUSTRIAL_NAVAL_MELEE_PRODUCTION' AND Name='Amount';
UPDATE ModifierArguments SET Value='50' WHERE ModifierId='PRESSGANGS_INDUSTRIAL_NAVAL_RANGED_PRODUCTION' AND Name='Amount';
UPDATE ModifierArguments SET Value='50' WHERE ModifierId='PRESSGANGS_INDUSTRIAL_NAVAL_RAIDER_PRODUCTION' AND Name='Amount';

UPDATE ModifierArguments SET Value='50' WHERE ModifierId='INTERNATIONALWATERS_MODERN_NAVAL_MELEE_PRODUCTION' AND Name='Amount';
UPDATE ModifierArguments SET Value='50' WHERE ModifierId='INTERNATIONALWATERS_MODERN_NAVAL_RANGED_PRODUCTION' AND Name='Amount';
UPDATE ModifierArguments SET Value='50' WHERE ModifierId='INTERNATIONALWATERS_MODERN_NAVAL_RAIDER_PRODUCTION' AND Name='Amount';
UPDATE ModifierArguments SET Value='50' WHERE ModifierId='INTERNATIONALWATERS_ATOMIC_NAVAL_MELEE_PRODUCTION' AND Name='Amount';
UPDATE ModifierArguments SET Value='50' WHERE ModifierId='INTERNATIONALWATERS_ATOMIC_NAVAL_RANGED_PRODUCTION' AND Name='Amount';
UPDATE ModifierArguments SET Value='50' WHERE ModifierId='INTERNATIONALWATERS_ATOMIC_NAVAL_RAIDER_PRODUCTION' AND Name='Amount';
UPDATE ModifierArguments SET Value='50' WHERE ModifierId='INTERNATIONALWATERS_INFORMATION_NAVAL_MELEE_PRODUCTION' AND Name='Amount';
UPDATE ModifierArguments SET Value='50' WHERE ModifierId='INTERNATIONALWATERS_INFORMATION_NAVAL_RANGED_PRODUCTION' AND Name='Amount';
UPDATE ModifierArguments SET Value='50' WHERE ModifierId='INTERNATIONALWATERS_INFORMATION_NAVAL_RAIDER_PRODUCTION' AND Name='Amount';


-- === Great People Policies ===
DELETE FROM ObsoletePolicies WHERE PolicyType='POLICY_STRATEGOS';
DELETE FROM ObsoletePolicies WHERE PolicyType='POLICY_INSPIRATION';
DELETE FROM ObsoletePolicies WHERE PolicyType='POLICY_REVELATION';
DELETE FROM ObsoletePolicies WHERE PolicyType='POLICY_LITERARY_TRADITION';
DELETE FROM ObsoletePolicies WHERE PolicyType='POLICY_NAVIGATION';
DELETE FROM ObsoletePolicies WHERE PolicyType='POLICY_TRAVELING_MERCHANTS';
DELETE FROM ObsoletePolicies WHERE PolicyType='POLICY_INVENTION';
DELETE FROM ObsoletePolicies WHERE PolicyType='POLICY_FRESCOES';
DELETE FROM ObsoletePolicies WHERE PolicyType='POLICY_SYMPHONIES';
DELETE FROM ObsoletePolicies WHERE PolicyType='POLICY_MILITARY_ORGANIZATION';
DELETE FROM ObsoletePolicies WHERE PolicyType='POLICY_LAISSEZ_FAIRE';
DELETE FROM ObsoletePolicies WHERE PolicyType='POLICY_NOBEL_PRIZE';

INSERT INTO ObsoletePolicies(PolicyType, ObsoletePolicy) VALUES
	('POLICY_STRATEGOS', 'POLICY_MILITARY_ORGANIZATION'),
	('POLICY_TRAVELING_MERCHANTS', 'POLICY_LAISSEZ_FAIRE'),
	('POLICY_NAVIGATION', 'POLICY_LAISSEZ_FAIRE'),
	('POLICY_INSPIRATION', 'POLICY_NOBEL_PRIZE'),
	('POLICY_INVENTION', 'POLICY_NOBEL_PRIZE');
	
UPDATE ModifierArguments SET Value='2' WHERE ModifierId='INVENTION_GREATENGINEERPOINTS' AND Name='Amount';


-- === Nuclear Esponage Buff ===
INSERT INTO PolicyModifiers(PolicyType, ModifierId) VALUES
	('POLICY_NUCLEAR_ESPIONAGE', 'NUCLEAR_ESPIONAGE_DIPLOMATIC_FAVOR_BK');
INSERT INTO Modifiers(ModifierId, ModifierType, SubjectRequirementSetId) VALUES
	('NUCLEAR_ESPIONAGE_DIPLOMATIC_FAVOR_BK', 'MODIFIER_PLAYER_CITIES_ADJUST_EXTRA_FAVOR_PER_TURN', 'CITY_HAS_RESEARCH_LAB_BK');
INSERT INTO ModifierArguments(ModifierId, Name, Value, Extra) VALUES
	('NUCLEAR_ESPIONAGE_DIPLOMATIC_FAVOR_BK', 'Amount', 1, -1);
INSERT INTO RequirementSets(RequirementSetId, RequirementSetType) VALUES
	('CITY_HAS_RESEARCH_LAB_BK', 'REQUIREMENTSET_TEST_ALL');
INSERT INTO RequirementSetRequirements(RequirementSetId, RequirementId) VALUES
	('CITY_HAS_RESEARCH_LAB_BK', 'REQUIRES_CITY_HAS_RESEARCH_LAB_BK');
INSERT INTO Requirements(RequirementId, RequirementType) VALUES
	('REQUIRES_CITY_HAS_RESEARCH_LAB_BK', 'REQUIREMENT_CITY_HAS_BUILDING');
INSERT INTO RequirementArguments(RequirementId, Name, Value) VALUES
	('REQUIRES_CITY_HAS_RESEARCH_LAB_BK', 'BuildingType', 'BUILDING_RESEARCH_LAB');

	
-- === Sports Media Buff ===
INSERT INTO PolicyModifiers(PolicyType, ModifierId) VALUES
	('POLICY_SPORTS_MEDIA', 'SPORTSMEDIA_AQUATICSENTERTAINMENT_BK');
INSERT INTO Modifiers(ModifierId, ModifierType, SubjectRequirementSetId) VALUES
	('SPORTSMEDIA_AQUATICSENTERTAINMENT_BK', 'MODIFIER_PLAYER_CITIES_ADJUST_POLICY_AMENITY', 'CITY_HAS_AQUATICS_CENTER_BK');
INSERT INTO ModifierArguments(ModifierId, Name, Value, Extra) VALUES
	('SPORTSMEDIA_AQUATICSENTERTAINMENT_BK', 'Amount', 1, -1);
INSERT INTO RequirementSets(RequirementSetId, RequirementSetType) VALUES
	('CITY_HAS_AQUATICS_CENTER_BK', 'REQUIREMENTSET_TEST_ALL');
INSERT INTO RequirementSetRequirements(RequirementSetId, RequirementId) VALUES
	('CITY_HAS_AQUATICS_CENTER_BK', 'REQUIRES_CITY_HAS_AQUATICS_CENTER_BK');
INSERT INTO Requirements(RequirementId, RequirementType) VALUES
	('REQUIRES_CITY_HAS_AQUATICS_CENTER_BK', 'REQUIREMENT_CITY_HAS_BUILDING');
INSERT INTO RequirementArguments(RequirementId, Name, Value) VALUES
	('REQUIRES_CITY_HAS_AQUATICS_CENTER_BK', 'BuildingType', 'BUILDING_AQUATICS_CENTER');


-- === Non-State Actors Buff ===
INSERT INTO PolicyModifiers(PolicyType, ModifierId) VALUES
	('POLICY_FUTURE_COUNTER_SCIENCE', 'FUTURE_COUNTER_SCIENCE_INCOMING_TRADE_GAIN_SCIENCE_BK'),
	('POLICY_FUTURE_COUNTER_SCIENCE', 'FUTURE_COUNTER_SCIENCE_INCOMING_TRADE_GAIN_PRODUCTION_BK'),
	('POLICY_FUTURE_COUNTER_SCIENCE', 'FUTURE_COUNTER_SCIENCE_INCOMING_TRADE_OFFER_PRODUCTION_BK');
INSERT INTO Modifiers(ModifierId, ModifierType) VALUES
	('FUTURE_COUNTER_SCIENCE_INCOMING_TRADE_GAIN_SCIENCE_BK', 'MODIFIER_PLAYER_CITIES_ADJUST_TRADE_ROUTE_YIELD_FROM_OTHERS'),
	('FUTURE_COUNTER_SCIENCE_INCOMING_TRADE_GAIN_PRODUCTION_BK', 'MODIFIER_PLAYER_CITIES_ADJUST_TRADE_ROUTE_YIELD_FROM_OTHERS'),
	('FUTURE_COUNTER_SCIENCE_INCOMING_TRADE_OFFER_PRODUCTION_BK', 'MODIFIER_PLAYER_CITIES_ADJUST_TRADE_ROUTE_YIELD_TO_OTHERS');
INSERT INTO ModifierArguments(ModifierId, Name, Value) VALUES
	('FUTURE_COUNTER_SCIENCE_INCOMING_TRADE_GAIN_SCIENCE_BK', 'YieldType', 'YIELD_SCIENCE'),
	('FUTURE_COUNTER_SCIENCE_INCOMING_TRADE_GAIN_SCIENCE_BK', 'Amount', 3),
	('FUTURE_COUNTER_SCIENCE_INCOMING_TRADE_GAIN_PRODUCTION_BK', 'YieldType', 'YIELD_PRODUCTION'),
	('FUTURE_COUNTER_SCIENCE_INCOMING_TRADE_GAIN_PRODUCTION_BK', 'Amount', 1),
	('FUTURE_COUNTER_SCIENCE_INCOMING_TRADE_OFFER_PRODUCTION_BK', 'YieldType', 'YIELD_PRODUCTION'),
	('FUTURE_COUNTER_SCIENCE_INCOMING_TRADE_OFFER_PRODUCTION_BK', 'Amount', 2);


-- === Hallyu Buff ===
INSERT INTO PolicyModifiers(PolicyType, ModifierId) VALUES
	('POLICY_FUTURE_VICTORY_CULTURE', 'FUTURE_VICTORY_CULTURE_INCOMING_TRADE_GAIN_CULTURE_BK'),
	('POLICY_FUTURE_VICTORY_CULTURE', 'FUTURE_VICTORY_CULTURE_INCOMING_TRADE_GAIN_FAITH_BK'),
	('POLICY_FUTURE_VICTORY_CULTURE', 'FUTURE_VICTORY_CULTURE_INCOMING_TRADE_OFFER_FAITH_BK');
INSERT INTO Modifiers(ModifierId, ModifierType) VALUES
	('FUTURE_VICTORY_CULTURE_INCOMING_TRADE_GAIN_CULTURE_BK', 'MODIFIER_PLAYER_CITIES_ADJUST_TRADE_ROUTE_YIELD_FROM_OTHERS'),
	('FUTURE_VICTORY_CULTURE_INCOMING_TRADE_GAIN_FAITH_BK', 'MODIFIER_PLAYER_CITIES_ADJUST_TRADE_ROUTE_YIELD_FROM_OTHERS'),
	('FUTURE_VICTORY_CULTURE_INCOMING_TRADE_OFFER_FAITH_BK', 'MODIFIER_PLAYER_CITIES_ADJUST_TRADE_ROUTE_YIELD_TO_OTHERS');
INSERT INTO ModifierArguments(ModifierId, Name, Value) VALUES
	('FUTURE_VICTORY_CULTURE_INCOMING_TRADE_GAIN_CULTURE_BK', 'YieldType', 'YIELD_CULTURE'),
	('FUTURE_VICTORY_CULTURE_INCOMING_TRADE_GAIN_CULTURE_BK', 'Amount', 3),
	('FUTURE_VICTORY_CULTURE_INCOMING_TRADE_GAIN_FAITH_BK', 'YieldType', 'YIELD_FAITH'),
	('FUTURE_VICTORY_CULTURE_INCOMING_TRADE_GAIN_FAITH_BK', 'Amount', 1),
	('FUTURE_VICTORY_CULTURE_INCOMING_TRADE_OFFER_FAITH_BK', 'YieldType', 'YIELD_FAITH'),
	('FUTURE_VICTORY_CULTURE_INCOMING_TRADE_OFFER_FAITH_BK', 'Amount', 2);


-- === Exploration Policies ===
INSERT INTO Types(Type, Kind) VALUES
	('POLICY_FOREST_RUNNERS_BK', 'KIND_POLICY');
INSERT INTO Policies(PolicyType, Name, Description, PrereqCivic, GovernmentSlotType) VALUES
	('POLICY_FOREST_RUNNERS_BK', 'LOC_POLICY_FOREST_RUNNERS_BK_NAME', 'LOC_POLICY_FOREST_RUNNERS_BK_DESCRIPTION', 'CIVIC_EXPLORATION', 'SLOT_MILITARY');
INSERT INTO PolicyModifiers (PolicyType, ModifierId) VALUES
	('POLICY_FOREST_RUNNERS_BK', 'DISCIPLINE_BARBARIANCOMBAT'),
	('POLICY_FOREST_RUNNERS_BK', 'SURVEY_RECONUNITEXPERIENCE');

UPDATE ObsoletePolicies SET ObsoletePolicy='POLICY_FOREST_RUNNERS_BK' WHERE PolicyType='POLICY_DISCIPLINE';
UPDATE ObsoletePolicies SET ObsoletePolicy='POLICY_FOREST_RUNNERS_BK' WHERE PolicyType='POLICY_SURVEY';


-- === Housing Policies ===
INSERT INTO Types(Type, Kind) VALUES
	('POLICY_ZONING_BK', 'KIND_POLICY');
INSERT INTO Policies(PolicyType, Name, Description, PrereqCivic, GovernmentSlotType) VALUES
	('POLICY_ZONING_BK', 'LOC_POLICY_ZONING_BK_NAME', 'LOC_POLICY_ZONING_BK_DESCRIPTION', 'CIVIC_CIVIL_ENGINEERING', 'SLOT_ECONOMIC');
INSERT INTO PolicyModifiers (PolicyType, ModifierId) VALUES
	('POLICY_ZONING_BK', 'ZONING_BK_SPECIALTYHOUSING');
INSERT INTO Modifiers(ModifierId, ModifierType, SubjectRequirementSetId) VALUES
	('ZONING_BK_SPECIALTYHOUSING', 'MODIFIER_PLAYER_CITIES_ADJUST_POLICY_HOUSING', 'CITY_HAS_1_SPECIALTY_DISTRICT');
INSERT INTO ModifierArguments(ModifierId, Name, Value, Extra) VALUES
	('ZONING_BK_SPECIALTYHOUSING', 'Amount', 2, -1);

UPDATE Modifiers SET SubjectRequirementSetId='CITY_HAS_1_SPECIALTY_DISTRICT' WHERE ModifierId='INSULAE_SPECIALTYHOUSING';
UPDATE Modifiers SET SubjectRequirementSetId='CITY_HAS_1_SPECIALTY_DISTRICT' WHERE ModifierId='LIBERALISM_SPECIALTYAMENITY';

UPDATE ObsoletePolicies SET ObsoletePolicy='POLICY_ZONING_BK' WHERE PolicyType='POLICY_INSULAE';
UPDATE ObsoletePolicies SET ObsoletePolicy='POLICY_ZONING_BK' WHERE PolicyType='POLICY_MEDINA_QUARTER';
DELETE FROM ObsoletePolicies WHERE PolicyType='POLICY_LIBERALISM';


-- === Siege Policies ===
INSERT INTO Types(Type, Kind) VALUES
	('POLICY_SIEGE', 'KIND_POLICY'),
	('POLICY_TRENCH_WARFARE', 'KIND_POLICY');
INSERT INTO Policies(PolicyType, Name, Description, PrereqCivic, GovernmentSlotType) VALUES
	('POLICY_SIEGE', 'LOC_POLICY_SIEGE_NAME', 'LOC_POLICY_SIEGE_DESCRIPTION', 'CIVIC_NAVAL_TRADITION', 'SLOT_MILITARY'),
	('POLICY_TRENCH_WARFARE', 'LOC_POLICY_TRENCH_WARFARE_NAME', 'LOC_POLICY_TRENCH_WARFARE_DESCRIPTION', 'CIVIC_SCORCHED_EARTH', 'SLOT_MILITARY');
INSERT INTO ObsoletePolicies(PolicyType, ObsoletePolicy) VALUES
	('POLICY_SIEGE', 'POLICY_TRENCH_WARFARE');
INSERT INTO PolicyModifiers (PolicyType, ModifierId) VALUES
	('POLICY_SIEGE', 'SIEGE_ANCIENT_SIEGE_PRODUCTION'),
	('POLICY_SIEGE', 'SIEGE_CLASSICAL_SIEGE_PRODUCTION'),
	('POLICY_SIEGE', 'SIEGE_MEDIEVAL_SIEGE_PRODUCTION'),
	('POLICY_SIEGE', 'SIEGE_RENAISSANCE_SIEGE_PRODUCTION'),
	('POLICY_TRENCH_WARFARE', 'SIEGE_ANCIENT_SIEGE_PRODUCTION'),
	('POLICY_TRENCH_WARFARE', 'SIEGE_CLASSICAL_SIEGE_PRODUCTION'),
	('POLICY_TRENCH_WARFARE', 'SIEGE_MEDIEVAL_SIEGE_PRODUCTION'),
	('POLICY_TRENCH_WARFARE', 'SIEGE_RENAISSANCE_SIEGE_PRODUCTION'),
	('POLICY_TRENCH_WARFARE', 'TRENCH_WARFARE_INDUSTRIAL_SIEGE_PRODUCTION'),
	('POLICY_TRENCH_WARFARE', 'TRENCH_WARFARE_MODERN_SIEGE_PRODUCTION'),
	('POLICY_TRENCH_WARFARE', 'TRENCH_WARFARE_ATOMIC_SIEGE_PRODUCTION'),
	('POLICY_TRENCH_WARFARE', 'TRENCH_WARFARE_INFORMATION_SIEGE_PRODUCTION');
INSERT INTO Modifiers(ModifierId, ModifierType) VALUES
	('SIEGE_ANCIENT_SIEGE_PRODUCTION', 'MODIFIER_PLAYER_CITIES_ADJUST_UNIT_TAG_ERA_PRODUCTION'),
	('SIEGE_CLASSICAL_SIEGE_PRODUCTION', 'MODIFIER_PLAYER_CITIES_ADJUST_UNIT_TAG_ERA_PRODUCTION'),
	('SIEGE_MEDIEVAL_SIEGE_PRODUCTION', 'MODIFIER_PLAYER_CITIES_ADJUST_UNIT_TAG_ERA_PRODUCTION'),
	('SIEGE_RENAISSANCE_SIEGE_PRODUCTION', 'MODIFIER_PLAYER_CITIES_ADJUST_UNIT_TAG_ERA_PRODUCTION'),
	('TRENCH_WARFARE_INDUSTRIAL_SIEGE_PRODUCTION', 'MODIFIER_PLAYER_CITIES_ADJUST_UNIT_TAG_ERA_PRODUCTION'),
	('TRENCH_WARFARE_MODERN_SIEGE_PRODUCTION', 'MODIFIER_PLAYER_CITIES_ADJUST_UNIT_TAG_ERA_PRODUCTION'),
	('TRENCH_WARFARE_ATOMIC_SIEGE_PRODUCTION', 'MODIFIER_PLAYER_CITIES_ADJUST_UNIT_TAG_ERA_PRODUCTION'),
	('TRENCH_WARFARE_INFORMATION_SIEGE_PRODUCTION', 'MODIFIER_PLAYER_CITIES_ADJUST_UNIT_TAG_ERA_PRODUCTION');
INSERT INTO ModifierArguments(ModifierId, Name, Value, Extra) VALUES
	('SIEGE_ANCIENT_SIEGE_PRODUCTION', 'UnitPromotionClass', 'PROMOTION_CLASS_SIEGE', -1 ),
	('SIEGE_ANCIENT_SIEGE_PRODUCTION', 'EraType', 'ERA_ANCIENT', -1 ),
	('SIEGE_ANCIENT_SIEGE_PRODUCTION', 'Amount', 50, -1),
	('SIEGE_CLASSICAL_SIEGE_PRODUCTION', 'UnitPromotionClass', 'PROMOTION_CLASS_SIEGE', -1 ),
	('SIEGE_CLASSICAL_SIEGE_PRODUCTION', 'EraType', 'ERA_CLASSICAL', -1 ),
	('SIEGE_CLASSICAL_SIEGE_PRODUCTION', 'Amount', 50, -1),
	('SIEGE_MEDIEVAL_SIEGE_PRODUCTION', 'UnitPromotionClass', 'PROMOTION_CLASS_SIEGE', -1 ),
	('SIEGE_MEDIEVAL_SIEGE_PRODUCTION', 'EraType', 'ERA_MEDIEVAL', -1 ),
	('SIEGE_MEDIEVAL_SIEGE_PRODUCTION', 'Amount', 50, -1),
	('SIEGE_RENAISSANCE_SIEGE_PRODUCTION', 'UnitPromotionClass', 'PROMOTION_CLASS_SIEGE', -1 ),
	('SIEGE_RENAISSANCE_SIEGE_PRODUCTION', 'EraType', 'ERA_RENAISSANCE', -1 ),
	('SIEGE_RENAISSANCE_SIEGE_PRODUCTION', 'Amount', 50, -1),	
	('TRENCH_WARFARE_INDUSTRIAL_SIEGE_PRODUCTION', 'UnitPromotionClass', 'PROMOTION_CLASS_SIEGE', -1 ),
	('TRENCH_WARFARE_INDUSTRIAL_SIEGE_PRODUCTION', 'EraType', 'ERA_INDUSTRIAL', -1 ),
	('TRENCH_WARFARE_INDUSTRIAL_SIEGE_PRODUCTION', 'Amount', 50, -1),
	('TRENCH_WARFARE_MODERN_SIEGE_PRODUCTION', 'UnitPromotionClass', 'PROMOTION_CLASS_SIEGE', -1 ),
	('TRENCH_WARFARE_MODERN_SIEGE_PRODUCTION', 'EraType', 'ERA_MODERN', -1 ),
	('TRENCH_WARFARE_MODERN_SIEGE_PRODUCTION', 'Amount', 50, -1),	
	('TRENCH_WARFARE_ATOMIC_SIEGE_PRODUCTION', 'UnitPromotionClass', 'PROMOTION_CLASS_SIEGE', -1 ),
	('TRENCH_WARFARE_ATOMIC_SIEGE_PRODUCTION', 'EraType', 'ERA_ATOMIC', -1 ),
	('TRENCH_WARFARE_ATOMIC_SIEGE_PRODUCTION', 'Amount', 50, -1),
	('TRENCH_WARFARE_INFORMATION_SIEGE_PRODUCTION', 'UnitPromotionClass', 'PROMOTION_CLASS_SIEGE', -1 ),
	('TRENCH_WARFARE_INFORMATION_SIEGE_PRODUCTION', 'EraType', 'ERA_INFORMATION', -1 ),
	('TRENCH_WARFARE_INFORMATION_SIEGE_PRODUCTION', 'Amount', 50, -1);
