DELETE FROM BeliefModifiers WHERE BeliefType='BELIEF_DIVINE_SPARK' AND ModifierId='DIVINE_SPARK_SCIENTIST';
DELETE FROM BeliefModifiers WHERE BeliefType='BELIEF_DIVINE_SPARK' AND ModifierId='DIVINE_SPARK_WRITER';
DELETE FROM BeliefModifiers WHERE BeliefType='BELIEF_FERTILITY_RITES' AND ModifierId='FERTILITY_RITES_BUILDER';
DELETE FROM BeliefModifiers WHERE BeliefType='BELIEF_RELIGIOUS_SETTLEMENTS' AND ModifierId='RELIGIOUS_SETTLEMENTS_SETTLER';
UPDATE Modifiers SET SubjectRequirementSetId=NULL WHERE ModifierId='GOD_OF_WAR_FAITH_KILLS_MODIFIER';
UPDATE ModifierArguments SET Value=20 WHERE ModifierId='GOD_OF_HEALING_UNIT_HEALING_MODIFIER' AND Name='Amount';
UPDATE ModifierArguments SET Value=15 WHERE ModifierId='FERTILITY_RITES_GROWTH' AND Name='Amount';
UPDATE ModifierArguments SET Value=25 WHERE ModifierId='RELIGIOUS_SETTLEMENTS_CULTUREBORDER' AND Name='Amount';
UPDATE ModifierArguments SET Value=1 WHERE ModifierId='GODDESS_OF_FIRE_FEATURES_FAITH_MODIFIER' AND Name='Amount';
UPDATE ModifierArguments SET Value=1 WHERE ModifierId='RELIGIOUS_IDOLS_BONUS_MINE_FAITH_MODIFIER' AND Name='Amount';
UPDATE ModifierArguments SET Value=1 WHERE ModifierId='RELIGIOUS_IDOLS_LUXURY_MINE_FAITH_MODIFIER' AND Name='Amount';
DELETE FROM RequirementSetRequirements WHERE RequirementSetId='PLOT_HAS_REEDS_REQUIREMENTS' AND RequirementId='REQUIRES_PLOT_HAS_FLOODPLAINS';
INSERT INTO Modifiers(ModifierId, ModifierType, SubjectRequirementSetId) VALUES
	('CITY_PATRON_GODDESS_DISTRICT_PRODUCTION_ALL_BK', 'MODIFIER_ALL_CITIES_ATTACH_MODIFIER', 'CITY_FOLLOWS_PANTHEON_REQUIREMENTS'),
	('CITY_PATRON_GODDESS_DISTRICT_PRODUCTION_ALL_MODIFIER_BK', 'MODIFIER_SINGLE_CITY_ADJUST_DISTRICT_PRODUCTION_MODIFIER', NULL),
	('GOD_OF_THE_FORGE_UNIT_ALL_PRODUCTION_BK', 'MODIFIER_ALL_PLAYERS_ATTACH_MODIFIER', 'PLAYER_HAS_PANTHEON_REQUIREMENTS'),
	('GOD_OF_THE_FORGE_UNIT_ALL_PRODUCTION_MODIFIER_BK', 'MODIFIER_PLAYER_CITIES_ADJUST_MILITARY_UNITS_PRODUCTION', NULL),
	('MONUMENT_TO_THE_GODS_ALLWONDER_BK', 'MODIFIER_ALL_PLAYERS_ATTACH_MODIFIER', 'PLAYER_HAS_PANTHEON_REQUIREMENTS'),
	('MONUMENT_TO_THE_GODS_ALLWONDER_MODIFIER_BK', 'MODIFIER_PLAYER_CITIES_ADJUST_WONDER_ERA_PRODUCTION', NULL),
	('DIVINE_SPARK_CAMPUS_BK', 'MODIFIER_ALL_CITIES_ATTACH_MODIFIER', 'CITY_FOLLOWS_PANTHEON_REQUIREMENTS'),
	('DIVINE_SPARK_CAMPUS_MODIFIER_BK', 'MODIFIER_SINGLE_CITY_DISTRICTS_ADJUST_GREAT_PERSON_POINTS', 'DISTRICT_IS_CAMPUS'),
	('DIVINE_SPARK_THEATER_BK', 'MODIFIER_ALL_CITIES_ATTACH_MODIFIER', 'CITY_FOLLOWS_PANTHEON_REQUIREMENTS'),
	('DIVINE_SPARK_THEATER_MODIFIER_BK', 'MODIFIER_SINGLE_CITY_DISTRICTS_ADJUST_GREAT_PERSON_POINTS', 'DISTRICT_IS_THEATER'),
	('INITIATION_RITES_GOLD_DISPERSAL_BK', 'MODIFIER_ALL_PLAYERS_ATTACH_MODIFIER', 'PLAYER_HAS_PANTHEON_REQUIREMENTS'),
	('INITIATION_RITES_GOLD_DISPERSAL_MODIFIER_BK', 'MODIFIER_PLAYER_ADJUST_GOLD_DISPERSAL', NULL),
	('GODDESS_OF_FIRE_FEATURES_SCIENCE_BK', 'MODIFIER_ALL_CITIES_ATTACH_MODIFIER', 'CITY_FOLLOWS_PANTHEON_REQUIREMENTS'),
	('GODDESS_OF_FIRE_FEATURES_SCIENCE_MODIFIER_BK', 'MODIFIER_CITY_PLOT_YIELDS_ADJUST_PLOT_YIELD', 'PLOT_HAS_GODDES_FIRE_REQUIREMENTS'),
	('GOD_OF_THE_OPEN_SKY_PASTURE_FAITH_BK', 'MODIFIER_ALL_CITIES_ATTACH_MODIFIER', 'CITY_FOLLOWS_PANTHEON_REQUIREMENTS'),
	('GOD_OF_THE_OPEN_SKY_PASTURE_FAITH_MODIFIER_BK', 'MODIFIER_CITY_PLOT_YIELDS_ADJUST_PLOT_YIELD', 'PLOT_HAS_PASTURE_REQUIREMENTS'),
	('GOD_OF_THE_SEA_FISHINGBOATS_SCIENCE_BK', 'MODIFIER_ALL_CITIES_ATTACH_MODIFIER', 'CITY_FOLLOWS_PANTHEON_REQUIREMENTS'),
	('GOD_OF_THE_SEA_FISHINGBOATS_SCIENCE_MODIFIER_BK', 'MODIFIER_CITY_PLOT_YIELDS_ADJUST_PLOT_YIELD', 'PLOT_HAS_FISHINGBOATS_REQUIREMENTS'),
	('GODDESS_OF_FESTIVALS_PLANTATION_FOOD_BK', 'MODIFIER_ALL_CITIES_ATTACH_MODIFIER', 'CITY_FOLLOWS_PANTHEON_REQUIREMENTS'),
	('GODDESS_OF_FESTIVALS_PLANTATION_FOOD_MODIFIER_BK', 'MODIFIER_CITY_PLOT_YIELDS_ADJUST_PLOT_YIELD', 'PLOT_HAS_PLANTATION_REQUIREMENTS'),
	('RELIGIOUS_IDOLS_BONUS_MINE_GOLD_BK', 'MODIFIER_ALL_CITIES_ATTACH_MODIFIER', 'CITY_FOLLOWS_PANTHEON_REQUIREMENTS'),
	('RELIGIOUS_IDOLS_BONUS_MINE_GOLD_MODIFIER_BK', 'MODIFIER_CITY_PLOT_YIELDS_ADJUST_PLOT_YIELD', 'PLOT_HAS_BONUS_MINE_REQUIREMENTS'),
	('RELIGIOUS_IDOLS_LUXURY_MINE_GOLD_BK', 'MODIFIER_ALL_CITIES_ATTACH_MODIFIER', 'CITY_FOLLOWS_PANTHEON_REQUIREMENTS'),
	('RELIGIOUS_IDOLS_LUXURY_MINE_GOLD_MODIFIER_BK', 'MODIFIER_CITY_PLOT_YIELDS_ADJUST_PLOT_YIELD', 'PLOT_HAS_LUXURY_MINE_REQUIREMENTS'),
	('FERTILITY_RITES_FOOD_BK', 'MODIFIER_ALL_CITIES_ATTACH_MODIFIER', 'CITY_FOLLOWS_PANTHEON_REQUIREMENTS'),
	('FERTILITY_RITES_FOOD_MODIFIER_BK', 'MODIFIER_SINGLE_CITY_ADJUST_YIELD_CHANGE', NULL),
	('RELIGIOUS_SETTLEMENTS_IDENTITY_BK', 'MODIFIER_ALL_CITIES_ATTACH_MODIFIER', 'CITY_FOLLOWS_PANTHEON_REQUIREMENTS'),
	('RELIGIOUS_SETTLEMENTS_IDENTITY_MODIFIER_BK', 'MODIFIER_SINGLE_CITY_ADJUST_IDENTITY_PER_TURN', NULL);
INSERT INTO ModifierArguments(ModifierId, Name, Value) VALUES
	('CITY_PATRON_GODDESS_DISTRICT_PRODUCTION_ALL_BK', 'ModifierId', 'CITY_PATRON_GODDESS_DISTRICT_PRODUCTION_ALL_MODIFIER_BK'),
	('CITY_PATRON_GODDESS_DISTRICT_PRODUCTION_ALL_MODIFIER_BK', 'Amount', 5),
	('GOD_OF_THE_FORGE_UNIT_ALL_PRODUCTION_BK', 'ModifierId', 'GOD_OF_THE_FORGE_UNIT_ALL_PRODUCTION_MODIFIER_BK'),
	('GOD_OF_THE_FORGE_UNIT_ALL_PRODUCTION_MODIFIER_BK', 'Amount', 5),
	('GOD_OF_THE_FORGE_UNIT_ALL_PRODUCTION_MODIFIER_BK', 'StartEra', 'ERA_ANCIENT'),
	('GOD_OF_THE_FORGE_UNIT_ALL_PRODUCTION_MODIFIER_BK', 'EndEra', 'ERA_INFORMATION'),
	('MONUMENT_TO_THE_GODS_ALLWONDER_BK', 'ModifierId', 'MONUMENT_TO_THE_GODS_ALLWONDER_MODIFIER_BK'),
	('MONUMENT_TO_THE_GODS_ALLWONDER_MODIFIER_BK', 'Amount', 5),
	('MONUMENT_TO_THE_GODS_ALLWONDER_MODIFIER_BK', 'IsWonder', 1),
	('MONUMENT_TO_THE_GODS_ALLWONDER_MODIFIER_BK', 'StartEra', 'ERA_ANCIENT'),
	('MONUMENT_TO_THE_GODS_ALLWONDER_MODIFIER_BK', 'EndEra', 'ERA_INFORMATION'),
	('DIVINE_SPARK_CAMPUS_BK', 'ModifierId', 'DIVINE_SPARK_CAMPUS_MODIFIER_BK'),
	('DIVINE_SPARK_CAMPUS_MODIFIER_BK', 'GreatPersonClassType', 'GREAT_PERSON_CLASS_SCIENTIST'),
	('DIVINE_SPARK_CAMPUS_MODIFIER_BK', 'Amount', 1),
	('DIVINE_SPARK_THEATER_BK', 'ModifierId', 'DIVINE_SPARK_THEATER_MODIFIER_BK'),
	('DIVINE_SPARK_THEATER_MODIFIER_BK', 'GreatPersonClassType', 'GREAT_PERSON_CLASS_WRITER'),
	('DIVINE_SPARK_THEATER_MODIFIER_BK', 'Amount', 1),
	('INITIATION_RITES_GOLD_DISPERSAL_BK', 'ModifierId', 'INITIATION_RITES_GOLD_DISPERSAL_MODIFIER_BK'),
	('INITIATION_RITES_GOLD_DISPERSAL_MODIFIER_BK', 'Improvement', 'IMPROVEMENT_BARBARIAN_CAMP'),
	('INITIATION_RITES_GOLD_DISPERSAL_MODIFIER_BK', 'Amount', 50),
	('GODDESS_OF_FIRE_FEATURES_SCIENCE_BK', 'ModifierId', 'GODDESS_OF_FIRE_FEATURES_SCIENCE_MODIFIER_BK'),
	('GODDESS_OF_FIRE_FEATURES_SCIENCE_MODIFIER_BK', 'YieldType', 'YIELD_SCIENCE'),
	('GODDESS_OF_FIRE_FEATURES_SCIENCE_MODIFIER_BK', 'Amount', 1),
	('GOD_OF_THE_OPEN_SKY_PASTURE_FAITH_BK', 'ModifierId', 'GOD_OF_THE_OPEN_SKY_PASTURE_FAITH_MODIFIER_BK'),
	('GOD_OF_THE_OPEN_SKY_PASTURE_FAITH_MODIFIER_BK', 'YieldType', 'YIELD_FAITH'),
	('GOD_OF_THE_OPEN_SKY_PASTURE_FAITH_MODIFIER_BK', 'Amount', 1),
	('GOD_OF_THE_SEA_FISHINGBOATS_SCIENCE_BK', 'ModifierId', 'GOD_OF_THE_SEA_FISHINGBOATS_SCIENCE_MODIFIER_BK'),
	('GOD_OF_THE_SEA_FISHINGBOATS_SCIENCE_MODIFIER_BK', 'YieldType', 'YIELD_SCIENCE'),
	('GOD_OF_THE_SEA_FISHINGBOATS_SCIENCE_MODIFIER_BK', 'Amount', 1),
	('GODDESS_OF_FESTIVALS_PLANTATION_FOOD_BK', 'ModifierId', 'GODDESS_OF_FESTIVALS_PLANTATION_FOOD_MODIFIER_BK'),
	('GODDESS_OF_FESTIVALS_PLANTATION_FOOD_MODIFIER_BK', 'YieldType', 'YIELD_FOOD'),
	('GODDESS_OF_FESTIVALS_PLANTATION_FOOD_MODIFIER_BK', 'Amount', 1),
	('RELIGIOUS_IDOLS_BONUS_MINE_GOLD_BK', 'ModifierId', 'RELIGIOUS_IDOLS_BONUS_MINE_GOLD_MODIFIER_BK'),
	('RELIGIOUS_IDOLS_BONUS_MINE_GOLD_MODIFIER_BK', 'YieldType', 'YIELD_GOLD'),
	('RELIGIOUS_IDOLS_BONUS_MINE_GOLD_MODIFIER_BK', 'Amount', 2),
	('RELIGIOUS_IDOLS_LUXURY_MINE_GOLD_BK', 'ModifierId', 'RELIGIOUS_IDOLS_LUXURY_MINE_GOLD_MODIFIER_BK'),
	('RELIGIOUS_IDOLS_LUXURY_MINE_GOLD_MODIFIER_BK', 'YieldType', 'YIELD_GOLD'),
	('RELIGIOUS_IDOLS_LUXURY_MINE_GOLD_MODIFIER_BK', 'Amount', 2),
	('FERTILITY_RITES_FOOD_BK', 'ModifierId', 'FERTILITY_RITES_FOOD_MODIFIER_BK'),
	('FERTILITY_RITES_FOOD_MODIFIER_BK', 'YieldType', 'YIELD_FOOD'),
	('FERTILITY_RITES_FOOD_MODIFIER_BK', 'Amount', 2),
	('RELIGIOUS_SETTLEMENTS_IDENTITY_BK', 'ModifierId', 'RELIGIOUS_SETTLEMENTS_IDENTITY_MODIFIER_BK'),
	('RELIGIOUS_SETTLEMENTS_IDENTITY_MODIFIER_BK', 'Amount', 2);
INSERT INTO BeliefModifiers(BeliefType, ModifierId) VALUES
	('BELIEF_CITY_PATRON_GODDESS', 'CITY_PATRON_GODDESS_DISTRICT_PRODUCTION_ALL_BK'),
	('BELIEF_GOD_OF_THE_FORGE', 'GOD_OF_THE_FORGE_UNIT_ALL_PRODUCTION_BK'),
	('BELIEF_MONUMENT_TO_THE_GODS', 'MONUMENT_TO_THE_GODS_ALLWONDER_BK'),
	('BELIEF_DIVINE_SPARK', 'DIVINE_SPARK_CAMPUS_BK'),
	('BELIEF_DIVINE_SPARK', 'DIVINE_SPARK_THEATER_BK'),
	('BELIEF_INITIATION_RITES', 'INITIATION_RITES_GOLD_DISPERSAL_BK'),
	('BELIEF_GODDESS_OF_FIRE', 'GODDESS_OF_FIRE_FEATURES_SCIENCE_BK'),
	('BELIEF_GOD_OF_THE_OPEN_SKY', 'GOD_OF_THE_OPEN_SKY_PASTURE_FAITH_BK'),
	('BELIEF_GOD_OF_THE_SEA', 'GOD_OF_THE_SEA_FISHINGBOATS_SCIENCE_BK'),
	('BELIEF_GODDESS_OF_FESTIVALS', 'GODDESS_OF_FESTIVALS_PLANTATION_FOOD_BK'),
	('BELIEF_RELIGIOUS_IDOLS', 'RELIGIOUS_IDOLS_BONUS_MINE_GOLD_BK'),
	('BELIEF_RELIGIOUS_IDOLS', 'RELIGIOUS_IDOLS_LUXURY_MINE_GOLD_BK'),
	('BELIEF_FERTILITY_RITES', 'FERTILITY_RITES_FOOD_BK'),
	('BELIEF_RELIGIOUS_SETTLEMENTS', 'RELIGIOUS_SETTLEMENTS_IDENTITY_BK');
	
UPDATE Building_YieldChanges SET YieldChange=3 WHERE BuildingType='BUILDING_SYNAGOGUE' AND YieldType='YIELD_FAITH';
UPDATE Building_YieldChanges SET YieldChange=3 WHERE BuildingType='BUILDING_GURDWARA' AND YieldType='YIELD_FOOD';
UPDATE Building_YieldChanges SET YieldChange=3 WHERE BuildingType='BUILDING_MEETING_HOUSE' AND YieldType='YIELD_PRODUCTION';
UPDATE Building_YieldChanges SET YieldChange=3 WHERE BuildingType='BUILDING_WAT' AND YieldType='YIELD_SCIENCE';
UPDATE Buildings SET Housing=2, Description=NULL WHERE BuildingType='BUILDING_PAGODA';
UPDATE Buildings SET Housing=0 WHERE BuildingType='BUILDING_GURDWARA';
INSERT INTO Building_GreatPersonPoints(BuildingType, GreatPersonClassType, PointsPerTurn) VALUES
	('BUILDING_CATHEDRAL', 'GREAT_PERSON_CLASS_ARTIST', 1);
INSERT INTO Building_YieldDistrictCopies(BuildingType, OldYieldType, NewYieldType) VALUES
	('BUILDING_SYNAGOGUE', 'YIELD_FAITH', 'YIELD_GOLD');
DELETE FROM BuildingModifiers WHERE BuildingType='BUILDING_PAGODA' AND ModifierId='PAGODA_ADJUST_FAVOR';

DELETE FROM BeliefModifiers WHERE BeliefType='BELIEF_FEED_THE_WORLD';
DELETE FROM BeliefModifiers WHERE BeliefType='BELIEF_ZEN_MEDITATION';
DELETE FROM BeliefModifiers WHERE BeliefType='BELIEF_WARRIOR_MONKS' AND ModifierId='WARRIOR_MONKS_CULTURE_BOMB_TRIGGER_HOLY_SITE';
UPDATE ModifierArguments SET Value=8 WHERE ModifierId='DIVINE_INSPIRATION_WONDER_FAITH_MODIFIER' AND Name='Amount';
UPDATE ModifierArguments SET Value=200 WHERE ModifierId='RELIQUARIES_RELIC_FAITH_MODIFIER' AND Name='ScalingFactor';
UPDATE ModifierArguments SET Value=200 WHERE ModifierId='RELIQUARIES_RELIC_TOURISM_MODIFIER' AND Name='ScalingFactor';
INSERT INTO Modifiers(ModifierId, ModifierType, SubjectRequirementSetId) VALUES
	('CHORAL_MUSIC_SHRINE_CULTURE_HIGH_ADJACENCY_BK', 'MODIFIER_ALL_CITIES_ATTACH_MODIFIER', 'CITY_FOLLOWS_RELIGION_REQUIREMENTS'),
	('CHORAL_MUSIC_SHRINE_CULTURE_HIGH_ADJACENCY_MODIFIER_BK', 'MODIFIER_BUILDING_YIELD_CHANGE', 'HOLY_SITE_HAS_HIGH_ADJACENCY'),
	('CHORAL_MUSIC_SHRINE_CULTURE_HIGH_POP_BK', 'MODIFIER_ALL_CITIES_ATTACH_MODIFIER', 'CITY_FOLLOWS_RELIGION_REQUIREMENTS'),
	('CHORAL_MUSIC_SHRINE_CULTURE_HIGH_POP_MODIFIER_BK', 'MODIFIER_BUILDING_YIELD_CHANGE', 'CITY_HAS_HIGH_POPULATION'),
	('CHORAL_MUSIC_TEMPLE_CULTURE_HIGH_ADJACENCY_BK', 'MODIFIER_ALL_CITIES_ATTACH_MODIFIER', 'CITY_FOLLOWS_RELIGION_REQUIREMENTS'),
	('CHORAL_MUSIC_TEMPLE_CULTURE_HIGH_ADJACENCY_MODIFIER_BK', 'MODIFIER_BUILDING_YIELD_CHANGE', 'HOLY_SITE_HAS_HIGH_ADJACENCY'),
	('CHORAL_MUSIC_TEMPLE_CULTURE_HIGH_POP_BK', 'MODIFIER_ALL_CITIES_ATTACH_MODIFIER', 'CITY_FOLLOWS_RELIGION_REQUIREMENTS'),
	('CHORAL_MUSIC_TEMPLE_CULTURE_HIGH_POP_MODIFIER_BK', 'MODIFIER_BUILDING_YIELD_CHANGE', 'CITY_HAS_HIGH_POPULATION'),
	('DIVINE_INSPIRATION_WONDER_APPEAL_BK', 'MODIFIER_ALL_CITIES_ATTACH_MODIFIER', 'CITY_FOLLOWS_RELIGION_REQUIREMENTS'),
	('DIVINE_INSPIRATION_WONDER_APPEAL_MODIFIER_BK', 'MODIFIER_SINGLE_CITY_ADJUST_CITY_APPEAL', 'CITY_HAS_WONDER_REQUIREMENTS'),
	('FEED_THE_WORLD_FLOODPLAINS_FOOD_BK', 'MODIFIER_ALL_CITIES_ATTACH_MODIFIER', 'CITY_FOLLOWS_RELIGION_REQUIREMENTS'),
	('FEED_THE_WORLD_FLOODPLAINS_FOOD_MODIFIER_BK', 'MODIFIER_CITY_PLOT_YIELDS_ADJUST_PLOT_YIELD', 'PLOT_HAS_FLOODPLAINS_FARM_BK'),
	('JESUIT_EDUCATION_CAMPUS_FOLLOWER_GOLD_BK', 'MODIFIER_ALL_CITIES_ATTACH_MODIFIER', 'CITY_FOLLOWS_RELIGION_REQUIREMENTS'),
	('JESUIT_EDUCATION_CAMPUS_FOLLOWER_GOLD_MODIFIER_BK', 'MODIFIER_FOLLOWER_YIELD_MODIFIER', 'CITY_HAS_CAMPUS_BK'),
	('JESUIT_EDUCATION_THEATER_FOLLOWER_FAITH_BK', 'MODIFIER_ALL_CITIES_ATTACH_MODIFIER', 'CITY_FOLLOWS_RELIGION_REQUIREMENTS'),
	('JESUIT_EDUCATION_THEATER_FOLLOWER_FAITH_MODIFIER_BK', 'MODIFIER_FOLLOWER_YIELD_MODIFIER', 'CITY_HAS_THEATER_BK'),
	('RELIGIOUS_COMMUNITY_TRADER_PRODUCTION_BK', 'MODIFIER_ALL_CITIES_ATTACH_MODIFIER', 'CITY_FOLLOWS_RELIGION_REQUIREMENTS'),
	('RELIGIOUS_COMMUNITY_TRADER_PRODUCTION_MODIFIER_BK', 'MODIFIER_PLAYER_UNITS_ADJUST_UNIT_PRODUCTION', NULL),
	('RELIGIOUS_COMMUNITY_COMMERCIAL_HUB_BUILDINGS_PRODUCTION_BK', 'MODIFIER_ALL_CITIES_ATTACH_MODIFIER', 'CITY_FOLLOWS_RELIGION_REQUIREMENTS'),
	('RELIGIOUS_COMMUNITY_COMMERCIAL_HUB_BUILDINGS_PRODUCTION_MODIFIER_BK', 'MODIFIER_SINGLE_CITY_ADJUST_BUILDING_PRODUCTION', NULL),
	('RELIQUARIES_ANCIENT_WALL_TOURISM_BK', 'MODIFIER_ALL_CITIES_ATTACH_MODIFIER', 'CITY_FOLLOWS_RELIGION_REQUIREMENTS'),
	('RELIQUARIES_ANCIENT_WALL_TOURISM_MODIFIER_BK', 'MODIFIER_PLAYER_DISTRICTS_ADJUST_TOURISM_CHANGE', 'DISTRICT_IS_CITY_CENTER_ANCIENT'),
	('RELIQUARIES_MEDIEVAL_WALL_TOURISM_BK', 'MODIFIER_ALL_CITIES_ATTACH_MODIFIER', 'CITY_FOLLOWS_RELIGION_REQUIREMENTS'),
	('RELIQUARIES_MEDIEVAL_WALL_TOURISM_MODIFIER_BK', 'MODIFIER_PLAYER_DISTRICTS_ADJUST_TOURISM_CHANGE', 'DISTRICT_IS_CITY_CENTER_MEDIEVAL'),
	('RELIQUARIES_RENAISSANCE_WALL_TOURISM_BK', 'MODIFIER_ALL_CITIES_ATTACH_MODIFIER', 'CITY_FOLLOWS_RELIGION_REQUIREMENTS'),
	('RELIQUARIES_RENAISSANCE_WALL_TOURISM_MODIFIER_BK', 'MODIFIER_PLAYER_DISTRICTS_ADJUST_TOURISM_CHANGE', 'DISTRICT_IS_CITY_CENTER_RENAISSANCE'),
	('WARRIOR_MONKS_RENAISSANCE_WALL_FAITH_BK', 'MODIFIER_ALL_CITIES_ATTACH_MODIFIER', 'CITY_FOLLOWS_RELIGION_REQUIREMENTS'),
	('WARRIOR_MONKS_RENAISSANCE_WALL_FAITH_MODIFIER_BK', 'MODIFIER_BUILDING_YIELD_CHANGE', NULL),
	('WARRIOR_MONKS_FORT_FAITH_BK', 'MODIFIER_ALL_CITIES_ATTACH_MODIFIER', 'CITY_FOLLOWS_RELIGION_REQUIREMENTS'),
	('WARRIOR_MONKS_FORT_FAITH_MODIFIER_BK', 'MODIFIER_CITY_PLOT_YIELDS_ADJUST_PLOT_YIELD', 'PLOT_HAS_FORT_OR_UNIQUE_JNR'),
	('WARRIOR_MONKS_RENAISSANCE_WALL_FAITH_GARRISON_BK', 'MODIFIER_ALL_CITIES_ATTACH_MODIFIER', 'CITY_FOLLOWS_RELIGION_REQUIREMENTS'),
	('WARRIOR_MONKS_RENAISSANCE_WALL_FAITH_GARRISON_MODIFIER_BK', 'MODIFIER_BUILDING_YIELD_CHANGE', 'CITY_HAS_GARRISON_UNIT_REQUIERMENT'),
	('WARRIOR_MONKS_FORT_FAITH_GARRISON_BK', 'MODIFIER_ALL_CITIES_ATTACH_MODIFIER', 'CITY_FOLLOWS_RELIGION_REQUIREMENTS'),
	('WARRIOR_MONKS_FORT_FAITH_GARRISON_MODIFIER_BK', 'MODIFIER_CITY_PLOT_YIELDS_ADJUST_PLOT_YIELD', 'PLOT_HAS_FORT_OR_UNIQUE_GARRISON_JNR'),
	('ZEN_MEDITATION_DISTRICTS_AMENITIES', 'MODIFIER_ALL_DISTRICTS_ATTACH_MODIFIER', 'CITY_FOLLOWS_RELIGION_REQUIREMENTS'),
	('ZEN_MEDITATION_DISTRICTS_MODIFIER_AMENITIES', 'MODIFIER_SINGLE_CITY_ADJUST_CITY_AMENITIES_FROM_RELIGION', 'DISTRICT_ADJACENT_TO_HOLY_SITE_BK');
INSERT INTO ModifierArguments(ModifierId, Name, Value) VALUES
	('CHORAL_MUSIC_SHRINE_CULTURE_HIGH_ADJACENCY_BK', 'ModifierId', 'CHORAL_MUSIC_SHRINE_CULTURE_HIGH_ADJACENCY_MODIFIER_BK'),
	('CHORAL_MUSIC_SHRINE_CULTURE_HIGH_ADJACENCY_MODIFIER_BK', 'BuildingType', 'BUILDING_SHRINE'),
	('CHORAL_MUSIC_SHRINE_CULTURE_HIGH_ADJACENCY_MODIFIER_BK', 'YieldType', 'YIELD_CULTURE'),
	('CHORAL_MUSIC_SHRINE_CULTURE_HIGH_ADJACENCY_MODIFIER_BK', 'Amount', 1),
	('CHORAL_MUSIC_SHRINE_CULTURE_HIGH_POP_BK', 'ModifierId', 'CHORAL_MUSIC_SHRINE_CULTURE_HIGH_POP_MODIFIER_BK'),
	('CHORAL_MUSIC_SHRINE_CULTURE_HIGH_POP_MODIFIER_BK', 'BuildingType', 'BUILDING_SHRINE'),
	('CHORAL_MUSIC_SHRINE_CULTURE_HIGH_POP_MODIFIER_BK', 'YieldType', 'YIELD_CULTURE'),
	('CHORAL_MUSIC_SHRINE_CULTURE_HIGH_POP_MODIFIER_BK', 'Amount', 1),
	('CHORAL_MUSIC_TEMPLE_CULTURE_HIGH_ADJACENCY_BK', 'ModifierId', 'CHORAL_MUSIC_TEMPLE_CULTURE_HIGH_ADJACENCY_MODIFIER_BK'),
	('CHORAL_MUSIC_TEMPLE_CULTURE_HIGH_ADJACENCY_MODIFIER_BK', 'BuildingType', 'BUILDING_TEMPLE'),
	('CHORAL_MUSIC_TEMPLE_CULTURE_HIGH_ADJACENCY_MODIFIER_BK', 'YieldType', 'YIELD_CULTURE'),
	('CHORAL_MUSIC_TEMPLE_CULTURE_HIGH_ADJACENCY_MODIFIER_BK', 'Amount', 2),
	('CHORAL_MUSIC_TEMPLE_CULTURE_HIGH_POP_BK', 'ModifierId', 'CHORAL_MUSIC_TEMPLE_CULTURE_HIGH_POP_MODIFIER_BK'),
	('CHORAL_MUSIC_TEMPLE_CULTURE_HIGH_POP_MODIFIER_BK', 'BuildingType', 'BUILDING_TEMPLE'),
	('CHORAL_MUSIC_TEMPLE_CULTURE_HIGH_POP_MODIFIER_BK', 'YieldType', 'YIELD_CULTURE'),
	('CHORAL_MUSIC_TEMPLE_CULTURE_HIGH_POP_MODIFIER_BK', 'Amount', 2),
	('DIVINE_INSPIRATION_WONDER_APPEAL_BK', 'ModifierId', 'DIVINE_INSPIRATION_WONDER_APPEAL_MODIFIER_BK'),
	('DIVINE_INSPIRATION_WONDER_APPEAL_MODIFIER_BK', 'Amount', 1),
	('FEED_THE_WORLD_FLOODPLAINS_FOOD_BK', 'ModifierId', 'FEED_THE_WORLD_FLOODPLAINS_FOOD_MODIFIER_BK'),
	('FEED_THE_WORLD_FLOODPLAINS_FOOD_MODIFIER_BK', 'YieldType', 'YIELD_FOOD'),
	('FEED_THE_WORLD_FLOODPLAINS_FOOD_MODIFIER_BK', 'Amount', 1),
	('JESUIT_EDUCATION_CAMPUS_FOLLOWER_GOLD_BK', 'ModifierId', 'JESUIT_EDUCATION_CAMPUS_FOLLOWER_GOLD_MODIFIER_BK'),
	('JESUIT_EDUCATION_CAMPUS_FOLLOWER_GOLD_MODIFIER_BK', 'YieldType', 'YIELD_GOLD'),
	('JESUIT_EDUCATION_CAMPUS_FOLLOWER_GOLD_MODIFIER_BK', 'Amount', 1),
	('JESUIT_EDUCATION_THEATER_FOLLOWER_FAITH_BK', 'ModifierId', 'JESUIT_EDUCATION_THEATER_FOLLOWER_FAITH_MODIFIER_BK'),
	('JESUIT_EDUCATION_THEATER_FOLLOWER_FAITH_MODIFIER_BK', 'YieldType', 'YIELD_FAITH'),
	('JESUIT_EDUCATION_THEATER_FOLLOWER_FAITH_MODIFIER_BK', 'Amount', 1),
	('RELIGIOUS_COMMUNITY_TRADER_PRODUCTION_BK', 'ModifierId', 'RELIGIOUS_COMMUNITY_TRADER_PRODUCTION_MODIFIER_BK'),
	('RELIGIOUS_COMMUNITY_TRADER_PRODUCTION_MODIFIER_BK', 'UnitType', 'UNIT_TRADER'),
	('RELIGIOUS_COMMUNITY_TRADER_PRODUCTION_MODIFIER_BK', 'Amount', 30),
	('RELIGIOUS_COMMUNITY_COMMERCIAL_HUB_BUILDINGS_PRODUCTION_BK', 'ModifierId', 'RELIGIOUS_COMMUNITY_COMMERCIAL_HUB_BUILDINGS_PRODUCTION_MODIFIER_BK'),
	('RELIGIOUS_COMMUNITY_COMMERCIAL_HUB_BUILDINGS_PRODUCTION_MODIFIER_BK', 'DistrictType', 'DISTRICT_COMMERCIAL_HUB'),
	('RELIGIOUS_COMMUNITY_COMMERCIAL_HUB_BUILDINGS_PRODUCTION_MODIFIER_BK', 'Amount', 30),
	('RELIQUARIES_ANCIENT_WALL_TOURISM_BK', 'ModifierId', 'RELIQUARIES_ANCIENT_WALL_TOURISM_MODIFIER_BK'),
	('RELIQUARIES_ANCIENT_WALL_TOURISM_MODIFIER_BK', 'Amount', 1),
	('RELIQUARIES_MEDIEVAL_WALL_TOURISM_BK', 'ModifierId', 'RELIQUARIES_MEDIEVAL_WALL_TOURISM_MODIFIER_BK'),
	('RELIQUARIES_MEDIEVAL_WALL_TOURISM_MODIFIER_BK', 'Amount', 1),
	('RELIQUARIES_RENAISSANCE_WALL_TOURISM_BK', 'ModifierId', 'RELIQUARIES_RENAISSANCE_WALL_TOURISM_MODIFIER_BK'),
	('RELIQUARIES_RENAISSANCE_WALL_TOURISM_MODIFIER_BK', 'Amount', 1),
	('WARRIOR_MONKS_RENAISSANCE_WALL_FAITH_BK', 'ModifierId', 'WARRIOR_MONKS_RENAISSANCE_WALL_FAITH_MODIFIER_BK'),
	('WARRIOR_MONKS_RENAISSANCE_WALL_FAITH_MODIFIER_BK', 'BuildingType', 'BUILDING_STAR_FORT'),
	('WARRIOR_MONKS_RENAISSANCE_WALL_FAITH_MODIFIER_BK', 'YieldType', 'YIELD_FAITH'),
	('WARRIOR_MONKS_RENAISSANCE_WALL_FAITH_MODIFIER_BK', 'Amount', 1),
	('WARRIOR_MONKS_FORT_FAITH_BK', 'ModifierId', 'WARRIOR_MONKS_FORT_FAITH_MODIFIER_BK'),
	('WARRIOR_MONKS_FORT_FAITH_MODIFIER_BK', 'YieldType', 'YIELD_FAITH'),
	('WARRIOR_MONKS_FORT_FAITH_MODIFIER_BK', 'Amount', 1),
	('WARRIOR_MONKS_RENAISSANCE_WALL_FAITH_GARRISON_BK', 'ModifierId', 'WARRIOR_MONKS_RENAISSANCE_WALL_FAITH_GARRISON_MODIFIER_BK'),
	('WARRIOR_MONKS_RENAISSANCE_WALL_FAITH_GARRISON_MODIFIER_BK', 'BuildingType', 'BUILDING_STAR_FORT'),
	('WARRIOR_MONKS_RENAISSANCE_WALL_FAITH_GARRISON_MODIFIER_BK', 'YieldType', 'YIELD_FAITH'),
	('WARRIOR_MONKS_RENAISSANCE_WALL_FAITH_GARRISON_MODIFIER_BK', 'Amount', 1),
	('WARRIOR_MONKS_FORT_FAITH_GARRISON_BK', 'ModifierId', 'WARRIOR_MONKS_FORT_FAITH_GARRISON_MODIFIER_BK'),
	('WARRIOR_MONKS_FORT_FAITH_GARRISON_MODIFIER_BK', 'YieldType', 'YIELD_FAITH'),
	('WARRIOR_MONKS_FORT_FAITH_GARRISON_MODIFIER_BK', 'Amount', 1),
	('ZEN_MEDITATION_DISTRICTS_AMENITIES', 'ModifierId', 'ZEN_MEDITATION_DISTRICTS_MODIFIER_AMENITIES'),
	('ZEN_MEDITATION_DISTRICTS_MODIFIER_AMENITIES', 'Amount', 1);
INSERT INTO Requirements(RequirementId, RequirementType) VALUES
	('REQUIRES_PLOT_HAS_FLOODPLAINS_ANY_BK', 'REQUIREMENT_REQUIREMENTSET_IS_MET'),
	('REQUIRES_DISTRICT_IS_SPECIALTY_DISTRICT_BK', 'REQUIREMENT_REQUIREMENTSET_IS_MET'),
	('REQUIRES_ADJACENT_TO_HOLY_SITE_BK', 'REQUIREMENT_PLOT_ADJACENT_DISTRICT_TYPE_MATCHES'),
	('REQUIRES_DISTRICT_IS_CAMPUS_BK', 'REQUIREMENT_DISTRICT_TYPE_MATCHES'),
	('REQUIRES_DISTRICT_IS_HOLY_SITE_BK', 'REQUIREMENT_DISTRICT_TYPE_MATCHES'),
	('REQUIRES_DISTRICT_IS_COMMERCIAL_HUB_BK', 'REQUIREMENT_DISTRICT_TYPE_MATCHES'),
	('REQUIRES_DISTRICT_IS_THEATER_BK', 'REQUIREMENT_DISTRICT_TYPE_MATCHES'),
	('REQUIRES_DISTRICT_IS_INDUSTRIAL_ZONE_BK', 'REQUIREMENT_DISTRICT_TYPE_MATCHES'),
	('REQUIRES_DISTRICT_IS_ENCAMPMENT_BK', 'REQUIREMENT_DISTRICT_TYPE_MATCHES'),
	('REQUIRES_DISTRICT_IS_HARBOR_BK', 'REQUIREMENT_DISTRICT_TYPE_MATCHES'),
	('REQUIRES_DISTRICT_IS_AERODROME_BK', 'REQUIREMENT_DISTRICT_TYPE_MATCHES'),
	('REQUIRES_DISTRICT_IS_ENTERTAINMENT_COMPLEX_BK', 'REQUIREMENT_DISTRICT_TYPE_MATCHES'),
	('REQUIRES_DISTRICT_IS_WATER_ENTERTAINMENT_COMPLEX_BK', 'REQUIREMENT_DISTRICT_TYPE_MATCHES'),
	('REQUIRES_DISTRICT_IS_PRESERVE_BK', 'REQUIREMENT_DISTRICT_TYPE_MATCHES'),
	('REQUIRES_DISTRICT_IS_SPACEPORT_BK', 'REQUIREMENT_DISTRICT_TYPE_MATCHES'),
	('REQUIRES_DISTRICT_IS_GOVERNMENT_BK', 'REQUIREMENT_DISTRICT_TYPE_MATCHES'),
	('REQUIRES_DISTRICT_IS_DIPLOMATIC_QUARTER_BK', 'REQUIREMENT_DISTRICT_TYPE_MATCHES');
INSERT INTO RequirementArguments(RequirementId, Name, Value) VALUES
	('REQUIRES_PLOT_HAS_FLOODPLAINS_ANY_BK', 'RequirementSetId', 'PLOT_HAS_FLOODPLAINS_ANY_BK'),
	('REQUIRES_DISTRICT_IS_SPECIALTY_DISTRICT_BK', 'RequirementSetId', 'DISTRICT_IS_SPECIALTY_DISTRICT_BK'),
	('REQUIRES_ADJACENT_TO_HOLY_SITE_BK', 'DistrictType', 'DISTRICT_HOLY_SITE'),
	('REQUIRES_DISTRICT_IS_CAMPUS_BK', 'DistrictType', 'DISTRICT_CAMPUS'),
	('REQUIRES_DISTRICT_IS_HOLY_SITE_BK', 'DistrictType', 'DISTRICT_HOLY_SITE'),
	('REQUIRES_DISTRICT_IS_COMMERCIAL_HUB_BK', 'DistrictType', 'DISTRICT_COMMERCIAL_HUB'),
	('REQUIRES_DISTRICT_IS_THEATER_BK', 'DistrictType', 'DISTRICT_THEATER'),
	('REQUIRES_DISTRICT_IS_INDUSTRIAL_ZONE_BK', 'DistrictType', 'DISTRICT_INDUSTRIAL_ZONE'),
	('REQUIRES_DISTRICT_IS_ENCAMPMENT_BK', 'DistrictType', 'DISTRICT_ENCAMPMENT'),
	('REQUIRES_DISTRICT_IS_HARBOR_BK', 'DistrictType', 'DISTRICT_HARBOR'),
	('REQUIRES_DISTRICT_IS_AERODROME_BK', 'DistrictType', 'DISTRICT_AERODROME'),
	('REQUIRES_DISTRICT_IS_ENTERTAINMENT_COMPLEX_BK', 'DistrictType', 'DISTRICT_ENTERTAINMENT_COMPLEX'),
	('REQUIRES_DISTRICT_IS_WATER_ENTERTAINMENT_COMPLEX_BK', 'DistrictType', 'DISTRICT_WATER_ENTERTAINMENT_COMPLEX'),
	('REQUIRES_DISTRICT_IS_PRESERVE_BK', 'DistrictType', 'DISTRICT_PRESERVE'),
	('REQUIRES_DISTRICT_IS_SPACEPORT_BK', 'DistrictType', 'DISTRICT_SPACEPORT'),
	('REQUIRES_DISTRICT_IS_GOVERNMENT_BK', 'DistrictType', 'DISTRICT_GOVERNMENT'),
	('REQUIRES_DISTRICT_IS_DIPLOMATIC_QUARTER_BK', 'DistrictType', 'DISTRICT_DIPLOMATIC_QUARTER');
INSERT INTO RequirementSets(RequirementSetId, RequirementSetType) VALUES
	('PLOT_HAS_FLOODPLAINS_FARM_BK', 'REQUIREMENTSET_TEST_ALL'),
	('PLOT_HAS_FLOODPLAINS_ANY_BK', 'REQUIREMENTSET_TEST_ANY'),
	('CITY_HAS_THEATER_BK', 'REQUIREMENTSET_TEST_ALL'),
	('DISTRICT_ADJACENT_TO_HOLY_SITE_BK', 'REQUIREMENTSET_TEST_ALL'),
	('DISTRICT_IS_SPECIALTY_DISTRICT_BK', 'REQUIREMENTSET_TEST_ANY');
INSERT INTO RequirementSetRequirements(RequirementSetId, RequirementId) VALUES
	('PLOT_HAS_FLOODPLAINS_FARM_BK', 'REQUIRES_PLOT_HAS_FLOODPLAINS_ANY_BK'),
	('PLOT_HAS_FLOODPLAINS_FARM_BK', 'REQUIRES_PLOT_HAS_FARM'),
	('PLOT_HAS_FLOODPLAINS_ANY_BK', 'REQUIRES_PLOT_HAS_FLOODPLAINS'),
	('PLOT_HAS_FLOODPLAINS_ANY_BK', 'REQUIRES_PLOT_HAS_GRASS_FLOODPLAINS'),
	('PLOT_HAS_FLOODPLAINS_ANY_BK', 'REQUIRES_PLOT_HAS_PLAINS_FLOODPLAINS'),
	('CITY_HAS_THEATER_BK', 'REQUIRES_CITY_HAS_THEATER_DISTRICT'),
	('DISTRICT_ADJACENT_TO_HOLY_SITE_BK', 'REQUIRES_DISTRICT_IS_SPECIALTY_DISTRICT_BK'),
	('DISTRICT_ADJACENT_TO_HOLY_SITE_BK', 'REQUIRES_ADJACENT_TO_HOLY_SITE_BK'),
	('DISTRICT_IS_SPECIALTY_DISTRICT_BK', 'REQUIRES_DISTRICT_IS_CAMPUS_BK'),
	('DISTRICT_IS_SPECIALTY_DISTRICT_BK', 'REQUIRES_DISTRICT_IS_HOLY_SITE_BK'),
	('DISTRICT_IS_SPECIALTY_DISTRICT_BK', 'REQUIRES_DISTRICT_IS_COMMERCIAL_HUB_BK'),
	('DISTRICT_IS_SPECIALTY_DISTRICT_BK', 'REQUIRES_DISTRICT_IS_THEATER_BK'),
	('DISTRICT_IS_SPECIALTY_DISTRICT_BK', 'REQUIRES_DISTRICT_IS_INDUSTRIAL_ZONE_BK'),
	('DISTRICT_IS_SPECIALTY_DISTRICT_BK', 'REQUIRES_DISTRICT_IS_ENCAMPMENT_BK'),
	('DISTRICT_IS_SPECIALTY_DISTRICT_BK', 'REQUIRES_DISTRICT_IS_HARBOR_BK'),
	('DISTRICT_IS_SPECIALTY_DISTRICT_BK', 'REQUIRES_DISTRICT_IS_AERODROME_BK'),
	('DISTRICT_IS_SPECIALTY_DISTRICT_BK', 'REQUIRES_DISTRICT_IS_ENTERTAINMENT_COMPLEX_BK'),
	('DISTRICT_IS_SPECIALTY_DISTRICT_BK', 'REQUIRES_DISTRICT_IS_WATER_ENTERTAINMENT_COMPLEX_BK'),
	('DISTRICT_IS_SPECIALTY_DISTRICT_BK', 'REQUIRES_DISTRICT_IS_PRESERVE_BK'),
	('DISTRICT_IS_SPECIALTY_DISTRICT_BK', 'REQUIRES_DISTRICT_IS_SPACEPORT_BK'),
	('DISTRICT_IS_SPECIALTY_DISTRICT_BK', 'REQUIRES_DISTRICT_IS_GOVERNMENT_BK'),
	('DISTRICT_IS_SPECIALTY_DISTRICT_BK', 'REQUIRES_DISTRICT_IS_DIPLOMATIC_QUARTER_BK');
INSERT INTO BeliefModifiers(BeliefType, ModifierId) VALUES
	('BELIEF_CHORAL_MUSIC', 'CHORAL_MUSIC_SHRINE_CULTURE_HIGH_ADJACENCY_BK'),
	('BELIEF_CHORAL_MUSIC', 'CHORAL_MUSIC_SHRINE_CULTURE_HIGH_POP_BK'),
	('BELIEF_CHORAL_MUSIC', 'CHORAL_MUSIC_TEMPLE_CULTURE_HIGH_ADJACENCY_BK'),
	('BELIEF_CHORAL_MUSIC', 'CHORAL_MUSIC_TEMPLE_CULTURE_HIGH_POP_BK'),
	('BELIEF_DIVINE_INSPIRATION', 'DIVINE_INSPIRATION_WONDER_APPEAL_BK'),
	('BELIEF_FEED_THE_WORLD', 'FEED_THE_WORLD_FLOODPLAINS_FOOD_BK'),
	('BELIEF_JESUIT_EDUCATION', 'JESUIT_EDUCATION_CAMPUS_FOLLOWER_GOLD_BK'),
	('BELIEF_JESUIT_EDUCATION', 'JESUIT_EDUCATION_THEATER_FOLLOWER_FAITH_BK'),
	('BELIEF_RELIGIOUS_COMMUNITY', 'RELIGIOUS_COMMUNITY_TRADER_PRODUCTION_BK'),
	('BELIEF_RELIGIOUS_COMMUNITY', 'RELIGIOUS_COMMUNITY_COMMERCIAL_HUB_BUILDINGS_PRODUCTION_BK'),
	('BELIEF_RELIQUARIES', 'RELIQUARIES_ANCIENT_WALL_TOURISM_BK'),
	('BELIEF_RELIQUARIES', 'RELIQUARIES_MEDIEVAL_WALL_TOURISM_BK'),
	('BELIEF_RELIQUARIES', 'RELIQUARIES_RENAISSANCE_WALL_TOURISM_BK'),
	('BELIEF_WARRIOR_MONKS', 'WARRIOR_MONKS_RENAISSANCE_WALL_FAITH_BK'),
	('BELIEF_WARRIOR_MONKS', 'WARRIOR_MONKS_FORT_FAITH_BK'),
	('BELIEF_WARRIOR_MONKS', 'WARRIOR_MONKS_RENAISSANCE_WALL_FAITH_GARRISON_BK'),
	('BELIEF_WARRIOR_MONKS', 'WARRIOR_MONKS_FORT_FAITH_GARRISON_BK'),
	('BELIEF_ZEN_MEDITATION', 'ZEN_MEDITATION_DISTRICTS_AMENITIES');
	
DELETE FROM BeliefModifiers WHERE BeliefType='BELIEF_LAY_MINISTRY';
DELETE FROM BeliefModifiers WHERE BeliefType='BELIEF_PAPAL_PRIMACY';
DELETE FROM BeliefModifiers WHERE BeliefType='BELIEF_RELIGIOUS_UNITY';
INSERT INTO Modifiers(ModifierId, ModifierType, SubjectRequirementSetId) VALUES
	('LAY_MINISTRY_THEATER_CULTURE_BK', 'MODIFIER_ALL_PLAYERS_ATTACH_MODIFIER', 'PLAYER_FOUNDED_RELIGION_REQUIREMENTS'),
	('LAY_MINISTRY_THEATER_CULTURE_MODIFIER_BK', 'MODIFIER_PLAYER_RELIGION_ADD_RELIGIOUS_BELIEF_YIELD', NULL),
	('LAY_MINISTRY_THEATER_FAITH_BK', 'MODIFIER_ALL_PLAYERS_ATTACH_MODIFIER', 'PLAYER_FOUNDED_RELIGION_REQUIREMENTS'),
	('LAY_MINISTRY_THEATER_FAITH_MODIFIER_BK', 'MODIFIER_PLAYER_RELIGION_ADD_RELIGIOUS_BELIEF_YIELD', NULL),
	('LAY_MINISTRY_HOLY_SITE_CULTURE_BK', 'MODIFIER_ALL_PLAYERS_ATTACH_MODIFIER', 'PLAYER_FOUNDED_RELIGION_REQUIREMENTS'),
	('LAY_MINISTRY_HOLY_SITE_CULTURE_MODIFIER_BK', 'MODIFIER_PLAYER_RELIGION_ADD_RELIGIOUS_BELIEF_YIELD', NULL),
	('LAY_MINISTRY_HOLY_SITE_FAITH_BK', 'MODIFIER_ALL_PLAYERS_ATTACH_MODIFIER', 'PLAYER_FOUNDED_RELIGION_REQUIREMENTS'),
	('LAY_MINISTRY_HOLY_SITE_FAITH_MODIFIER_BK', 'MODIFIER_PLAYER_RELIGION_ADD_RELIGIOUS_BELIEF_YIELD', NULL),
	('STEWARDSHIP_CAMPUS_SCIENCE_BK', 'MODIFIER_ALL_PLAYERS_ATTACH_MODIFIER', 'PLAYER_FOUNDED_RELIGION_REQUIREMENTS'),
	('STEWARDSHIP_CAMPUS_SCIENCE_MODIFIER_BK', 'MODIFIER_PLAYER_RELIGION_ADD_RELIGIOUS_BELIEF_YIELD', NULL),
	('STEWARDSHIP_CAMPUS_FAITH_BK', 'MODIFIER_ALL_PLAYERS_ATTACH_MODIFIER', 'PLAYER_FOUNDED_RELIGION_REQUIREMENTS'),
	('STEWARDSHIP_CAMPUS_FAITH_MODIFIER_BK', 'MODIFIER_PLAYER_RELIGION_ADD_RELIGIOUS_BELIEF_YIELD', NULL),
	('STEWARDSHIP_COMMERCIAL_HUB_SCIENCE_BK', 'MODIFIER_ALL_PLAYERS_ATTACH_MODIFIER', 'PLAYER_FOUNDED_RELIGION_REQUIREMENTS'),
	('STEWARDSHIP_COMMERCIAL_HUB_SCIENCE_MODIFIER_BK', 'MODIFIER_PLAYER_RELIGION_ADD_RELIGIOUS_BELIEF_YIELD', NULL),
	('STEWARDSHIP_COMMERCIAL_HUB_FAITH_BK', 'MODIFIER_ALL_PLAYERS_ATTACH_MODIFIER', 'PLAYER_FOUNDED_RELIGION_REQUIREMENTS'),
	('STEWARDSHIP_COMMERCIAL_HUB_FAITH_MODIFIER_BK', 'MODIFIER_PLAYER_RELIGION_ADD_RELIGIOUS_BELIEF_YIELD', NULL),
	('MINOR_CIV_PAPAL_PRIMACY_CULTURE_BK', 'MODIFIER_ALL_PLAYERS_ATTACH_MODIFIER', 'PLAYER_HAS_PAPAL_PRIMACY_BK'),
	('MINOR_CIV_PAPAL_PRIMACY_CULTURE_MODIFIER_BK', 'MODIFIER_PLAYER_CAPITAL_CITY_ADJUST_CITY_YIELD_CHANGE', NULL),
	('MINOR_CIV_PAPAL_PRIMACY_GOLD_BK', 'MODIFIER_ALL_PLAYERS_ATTACH_MODIFIER', 'PLAYER_HAS_PAPAL_PRIMACY_BK'),
	('MINOR_CIV_PAPAL_PRIMACY_GOLD_MODIFIER_BK', 'MODIFIER_PLAYER_CAPITAL_CITY_ADJUST_CITY_YIELD_CHANGE', NULL),
	('MINOR_CIV_RELIGIOUS_UNITY_SCIENCE_BK', 'MODIFIER_ALL_PLAYERS_ATTACH_MODIFIER', 'PLAYER_HAS_RELIGIOUS_UNITY_BK'),
	('MINOR_CIV_RELIGIOUS_UNITY_SCIENCE_MODIFIER_BK', 'MODIFIER_PLAYER_CAPITAL_CITY_ADJUST_CITY_YIELD_CHANGE', NULL),
	('MINOR_CIV_RELIGIOUS_UNITY_GOLD_BK', 'MODIFIER_ALL_PLAYERS_ATTACH_MODIFIER', 'PLAYER_HAS_RELIGIOUS_UNITY_BK'),
	('MINOR_CIV_RELIGIOUS_UNITY_GOLD_MODIFIER_BK', 'MODIFIER_PLAYER_CAPITAL_CITY_ADJUST_CITY_YIELD_CHANGE', NULL);
INSERT INTO ModifierArguments(ModifierId, Name, Value) VALUES
	('LAY_MINISTRY_THEATER_CULTURE_BK', 'ModifierId', 'LAY_MINISTRY_THEATER_CULTURE_MODIFIER_BK'),
	('LAY_MINISTRY_THEATER_CULTURE_MODIFIER_BK', 'BeliefYieldType', 'BELIEF_YIELD_PER_DISTRICT'),
	('LAY_MINISTRY_THEATER_CULTURE_MODIFIER_BK', 'YieldType', 'YIELD_CULTURE'),
	('LAY_MINISTRY_THEATER_CULTURE_MODIFIER_BK', 'Amount', 1),
	('LAY_MINISTRY_THEATER_CULTURE_MODIFIER_BK', 'PerXItems', 1),
	('LAY_MINISTRY_THEATER_CULTURE_MODIFIER_BK', 'DistrictType', 'DISTRICT_THEATER'),
	('LAY_MINISTRY_THEATER_FAITH_BK', 'ModifierId', 'LAY_MINISTRY_THEATER_FAITH_MODIFIER_BK'),
	('LAY_MINISTRY_THEATER_FAITH_MODIFIER_BK', 'BeliefYieldType', 'BELIEF_YIELD_PER_DISTRICT'),
	('LAY_MINISTRY_THEATER_FAITH_MODIFIER_BK', 'YieldType', 'YIELD_FAITH'),
	('LAY_MINISTRY_THEATER_FAITH_MODIFIER_BK', 'Amount', 1),
	('LAY_MINISTRY_THEATER_FAITH_MODIFIER_BK', 'PerXItems', 1),
	('LAY_MINISTRY_THEATER_FAITH_MODIFIER_BK', 'DistrictType', 'DISTRICT_THEATER'),
	('LAY_MINISTRY_HOLY_SITE_CULTURE_BK', 'ModifierId', 'LAY_MINISTRY_HOLY_SITE_CULTURE_MODIFIER_BK'),
	('LAY_MINISTRY_HOLY_SITE_CULTURE_MODIFIER_BK', 'BeliefYieldType', 'BELIEF_YIELD_PER_DISTRICT'),
	('LAY_MINISTRY_HOLY_SITE_CULTURE_MODIFIER_BK', 'YieldType', 'YIELD_CULTURE'),
	('LAY_MINISTRY_HOLY_SITE_CULTURE_MODIFIER_BK', 'Amount', 1),
	('LAY_MINISTRY_HOLY_SITE_CULTURE_MODIFIER_BK', 'PerXItems', 1),
	('LAY_MINISTRY_HOLY_SITE_CULTURE_MODIFIER_BK', 'DistrictType', 'DISTRICT_HOLY_SITE'),
	('LAY_MINISTRY_HOLY_SITE_FAITH_BK', 'ModifierId', 'LAY_MINISTRY_HOLY_SITE_FAITH_MODIFIER_BK'),
	('LAY_MINISTRY_HOLY_SITE_FAITH_MODIFIER_BK', 'BeliefYieldType', 'BELIEF_YIELD_PER_DISTRICT'),
	('LAY_MINISTRY_HOLY_SITE_FAITH_MODIFIER_BK', 'YieldType', 'YIELD_FAITH'),
	('LAY_MINISTRY_HOLY_SITE_FAITH_MODIFIER_BK', 'Amount', 1),
	('LAY_MINISTRY_HOLY_SITE_FAITH_MODIFIER_BK', 'PerXItems', 1),
	('LAY_MINISTRY_HOLY_SITE_FAITH_MODIFIER_BK', 'DistrictType', 'DISTRICT_HOLY_SITE'),
	('STEWARDSHIP_CAMPUS_SCIENCE_BK', 'ModifierId', 'STEWARDSHIP_CAMPUS_SCIENCE_MODIFIER_BK'),
	('STEWARDSHIP_CAMPUS_SCIENCE_MODIFIER_BK', 'BeliefYieldType', 'BELIEF_YIELD_PER_DISTRICT'),
	('STEWARDSHIP_CAMPUS_SCIENCE_MODIFIER_BK', 'YieldType', 'YIELD_SCIENCE'),
	('STEWARDSHIP_CAMPUS_SCIENCE_MODIFIER_BK', 'Amount', 1),
	('STEWARDSHIP_CAMPUS_SCIENCE_MODIFIER_BK', 'PerXItems', 1),
	('STEWARDSHIP_CAMPUS_SCIENCE_MODIFIER_BK', 'DistrictType', 'DISTRICT_CAMPUS'),
	('STEWARDSHIP_CAMPUS_FAITH_BK', 'ModifierId', 'STEWARDSHIP_CAMPUS_FAITH_MODIFIER_BK'),
	('STEWARDSHIP_CAMPUS_FAITH_MODIFIER_BK', 'BeliefYieldType', 'BELIEF_YIELD_PER_DISTRICT'),
	('STEWARDSHIP_CAMPUS_FAITH_MODIFIER_BK', 'YieldType', 'YIELD_FAITH'),
	('STEWARDSHIP_CAMPUS_FAITH_MODIFIER_BK', 'Amount', 1),
	('STEWARDSHIP_CAMPUS_FAITH_MODIFIER_BK', 'PerXItems', 1),
	('STEWARDSHIP_CAMPUS_FAITH_MODIFIER_BK', 'DistrictType', 'DISTRICT_CAMPUS'),
	('STEWARDSHIP_COMMERCIAL_HUB_SCIENCE_BK', 'ModifierId', 'STEWARDSHIP_COMMERCIAL_HUB_SCIENCE_MODIFIER_BK'),
	('STEWARDSHIP_COMMERCIAL_HUB_SCIENCE_MODIFIER_BK', 'BeliefYieldType', 'BELIEF_YIELD_PER_DISTRICT'),
	('STEWARDSHIP_COMMERCIAL_HUB_SCIENCE_MODIFIER_BK', 'YieldType', 'YIELD_SCIENCE'),
	('STEWARDSHIP_COMMERCIAL_HUB_SCIENCE_MODIFIER_BK', 'Amount', 1),
	('STEWARDSHIP_COMMERCIAL_HUB_SCIENCE_MODIFIER_BK', 'PerXItems', 1),
	('STEWARDSHIP_COMMERCIAL_HUB_SCIENCE_MODIFIER_BK', 'DistrictType', 'DISTRICT_COMMERCIAL_HUB'),
	('STEWARDSHIP_COMMERCIAL_HUB_FAITH_BK', 'ModifierId', 'STEWARDSHIP_COMMERCIAL_HUB_FAITH_MODIFIER_BK'),
	('STEWARDSHIP_COMMERCIAL_HUB_FAITH_MODIFIER_BK', 'BeliefYieldType', 'BELIEF_YIELD_PER_DISTRICT'),
	('STEWARDSHIP_COMMERCIAL_HUB_FAITH_MODIFIER_BK', 'YieldType', 'YIELD_FAITH'),
	('STEWARDSHIP_COMMERCIAL_HUB_FAITH_MODIFIER_BK', 'Amount', 1),
	('STEWARDSHIP_COMMERCIAL_HUB_FAITH_MODIFIER_BK', 'PerXItems', 1),
	('STEWARDSHIP_COMMERCIAL_HUB_FAITH_MODIFIER_BK', 'DistrictType', 'DISTRICT_COMMERCIAL_HUB'),
	('MINOR_CIV_PAPAL_PRIMACY_CULTURE_BK', 'ModifierId', 'MINOR_CIV_PAPAL_PRIMACY_CULTURE_MODIFIER_BK'),
	('MINOR_CIV_PAPAL_PRIMACY_CULTURE_MODIFIER_BK', 'YieldType', 'YIELD_CULTURE'),
	('MINOR_CIV_PAPAL_PRIMACY_CULTURE_MODIFIER_BK', 'Amount', 6),
	('MINOR_CIV_PAPAL_PRIMACY_GOLD_BK', 'ModifierId', 'MINOR_CIV_PAPAL_PRIMACY_GOLD_MODIFIER_BK'),
	('MINOR_CIV_PAPAL_PRIMACY_GOLD_MODIFIER_BK', 'YieldType', 'YIELD_GOLD'),
	('MINOR_CIV_PAPAL_PRIMACY_GOLD_MODIFIER_BK', 'Amount', 6),
	('MINOR_CIV_RELIGIOUS_UNITY_SCIENCE_BK', 'ModifierId', 'MINOR_CIV_RELIGIOUS_UNITY_SCIENCE_MODIFIER_BK'),
	('MINOR_CIV_RELIGIOUS_UNITY_SCIENCE_MODIFIER_BK', 'YieldType', 'YIELD_SCIENCE'),
	('MINOR_CIV_RELIGIOUS_UNITY_SCIENCE_MODIFIER_BK', 'Amount', 6),
	('MINOR_CIV_RELIGIOUS_UNITY_GOLD_BK', 'ModifierId', 'MINOR_CIV_RELIGIOUS_UNITY_GOLD_MODIFIER_BK'),
	('MINOR_CIV_RELIGIOUS_UNITY_GOLD_MODIFIER_BK', 'YieldType', 'YIELD_GOLD'),
	('MINOR_CIV_RELIGIOUS_UNITY_GOLD_MODIFIER_BK', 'Amount', 6);
INSERT INTO Requirements(RequirementId, RequirementType) VALUES
	('REQUIRES_PLAYER_HAS_PAPAL_PRIMACY_BK', 'REQUIREMENT_PLAYER_FOUNDED_RELIGION_WITH_BELIEF'),
	('REQUIRES_PLAYER_HAS_RELIGIOUS_UNITY_BK', 'REQUIREMENT_PLAYER_FOUNDED_RELIGION_WITH_BELIEF');
INSERT INTO RequirementArguments(RequirementId, Name, Value) VALUES
	('REQUIRES_PLAYER_HAS_PAPAL_PRIMACY_BK', 'BeliefType', 'BELIEF_PAPAL_PRIMACY'),
	('REQUIRES_PLAYER_HAS_RELIGIOUS_UNITY_BK', 'BeliefType', 'BELIEF_RELIGIOUS_UNITY');
INSERT INTO RequirementSets(RequirementSetId, RequirementSetType) VALUES
	('PLAYER_HAS_PAPAL_PRIMACY_BK', 'REQUIREMENTSET_TEST_ALL'),
	('PLAYER_HAS_RELIGIOUS_UNITY_BK', 'REQUIREMENTSET_TEST_ALL');
INSERT INTO RequirementSetRequirements(RequirementSetId, RequirementId) VALUES
	('PLAYER_HAS_PAPAL_PRIMACY_BK', 'REQUIRES_PLAYER_AT_PEACE'),
	('PLAYER_HAS_PAPAL_PRIMACY_BK', 'REQUIRES_PLAYER_FOUNDED_OUR_RELIGION'),
	('PLAYER_HAS_PAPAL_PRIMACY_BK', 'REQUIRES_PLAYER_HAS_PAPAL_PRIMACY_BK'),
	('PLAYER_HAS_RELIGIOUS_UNITY_BK', 'REQUIRES_PLAYER_AT_PEACE'),
	('PLAYER_HAS_RELIGIOUS_UNITY_BK', 'REQUIRES_PLAYER_FOUNDED_OUR_RELIGION'),
	('PLAYER_HAS_RELIGIOUS_UNITY_BK', 'REQUIRES_PLAYER_HAS_RELIGIOUS_UNITY_BK');
INSERT INTO BeliefModifiers(BeliefType, ModifierId) VALUES
	('BELIEF_LAY_MINISTRY', 'LAY_MINISTRY_THEATER_CULTURE_BK'),
	('BELIEF_LAY_MINISTRY', 'LAY_MINISTRY_THEATER_FAITH_BK'),
	('BELIEF_LAY_MINISTRY', 'LAY_MINISTRY_HOLY_SITE_CULTURE_BK'),
	('BELIEF_LAY_MINISTRY', 'LAY_MINISTRY_HOLY_SITE_FAITH_BK'),
	('BELIEF_STEWARDSHIP', 'STEWARDSHIP_CAMPUS_SCIENCE_BK'),
	('BELIEF_STEWARDSHIP', 'STEWARDSHIP_CAMPUS_FAITH_BK'),
	('BELIEF_STEWARDSHIP', 'STEWARDSHIP_COMMERCIAL_HUB_SCIENCE_BK'),
	('BELIEF_STEWARDSHIP', 'STEWARDSHIP_COMMERCIAL_HUB_FAITH_BK');
INSERT INTO TraitModifiers(TraitType, ModifierId) VALUES
	('MINOR_CIV_DEFAULT_TRAIT', 'MINOR_CIV_PAPAL_PRIMACY_CULTURE_BK'),
	('MINOR_CIV_DEFAULT_TRAIT', 'MINOR_CIV_PAPAL_PRIMACY_GOLD_BK'),
	('MINOR_CIV_DEFAULT_TRAIT', 'MINOR_CIV_RELIGIOUS_UNITY_SCIENCE_BK'),
	('MINOR_CIV_DEFAULT_TRAIT', 'MINOR_CIV_RELIGIOUS_UNITY_GOLD_BK');
	
UPDATE ModifierArguments SET Value=5 WHERE ModifierId='JUST_WAR_COMBAT_BONUS_MODIFIER' AND Name='Amount';
UPDATE ModifierArguments SET Value=50 WHERE ModifierId='SCRIPTURE_SPEAD_STRENGTH' AND Name='SpreadMultiplier';
UPDATE ModifierArguments SET Value=0 WHERE ModifierId='SCRIPTURE_SPEAD_STRENGTH' AND Name='TechEnabledSpreadMultiplier';
DELETE FROM BeliefModifiers WHERE BeliefType='BELIEF_HOLY_WATERS';
DELETE FROM BeliefModifiers WHERE BeliefType='BELIEF_ITINERANT_PREACHERS';
INSERT INTO Types (Type, Kind) VALUES
	('ABILITY_HOLY_WATERS_HEAL_FROM_COMBAT_BK', 'KIND_ABILITY');
INSERT INTO TypeTags (Type, Tag) VALUES
	('ABILITY_HOLY_WATERS_HEAL_FROM_COMBAT_BK', 'CLASS_RELIGIOUS_ALL');
INSERT INTO UnitAbilities (UnitAbilityType, Inactive) VALUES
	('ABILITY_HOLY_WATERS_HEAL_FROM_COMBAT_BK', 1);
INSERT INTO UnitAbilityModifiers (UnitAbilityType, ModifierId) VALUES
	('ABILITY_HOLY_WATERS_HEAL_FROM_COMBAT_BK', 'HEAL_AFTER_DEFEATING_UNIT_BK');
INSERT INTO Modifiers(ModifierId, ModifierType, SubjectRequirementSetId) VALUES
	('HOLY_WATERS_HEAL_FROM_COMBAT_BK', 'MODIFIER_ALL_PLAYERS_ATTACH_MODIFIER', 'PLAYER_FOUNDED_RELIGION_REQUIREMENTS'),
	('HOLY_WATERS_HEAL_FROM_COMBAT_MODIFIER_BK', 'MODIFIER_PLAYER_UNITS_GRANT_ABILITY', NULL),
	('HEAL_AFTER_DEFEATING_UNIT_BK', 'MODIFIER_PLAYER_UNIT_ADJUST_HEAL_FROM_COMBAT', NULL),
	('ITINERANT_PREACHERS_FREE_APOSTLE_HOLY_SITE_BK', 'MODIFIER_ALL_PLAYERS_ATTACH_MODIFIER', 'PLAYER_FOUNDED_RELIGION_REQUIREMENTS'),
	('ITINERANT_PREACHERS_FREE_APOSTLE_HOLY_SITE_MODIFIER_BK', 'MODIFIER_PLAYER_DISTRICT_CREATE_UNIT', NULL),
	('RELIGIOUS_COLONIZATION_CULTURE_BOMB_HOLY_SITE_BK', 'MODIFIER_ALL_PLAYERS_ATTACH_MODIFIER', 'PLAYER_FOUNDED_RELIGION_REQUIREMENTS'),
	('RELIGIOUS_COLONIZATION_CULTURE_BOMB_HOLY_SITE_MODIFIER_BK', 'MODIFIER_PLAYER_ADD_CULTURE_BOMB_TRIGGER', NULL),
	('SCRIPTURE_SPREAD_DISTANCE_BK', 'MODIFIER_PLAYER_RELIGION_ADJUST_RELIGIOUS_SPREAD_DISTANCE', NULL);
INSERT INTO ModifierArguments(ModifierId, Name, Value) VALUES
	('HOLY_WATERS_HEAL_FROM_COMBAT_BK', 'ModifierId', 'HOLY_WATERS_HEAL_FROM_COMBAT_MODIFIER_BK'),
	('HOLY_WATERS_HEAL_FROM_COMBAT_MODIFIER_BK', 'AbilityType', 'ABILITY_HOLY_WATERS_HEAL_FROM_COMBAT_BK'),
	('HEAL_AFTER_DEFEATING_UNIT_BK', 'Amount', 20),
	('ITINERANT_PREACHERS_FREE_APOSTLE_HOLY_SITE_BK', 'ModifierId', 'ITINERANT_PREACHERS_FREE_APOSTLE_HOLY_SITE_MODIFIER_BK'),
	('ITINERANT_PREACHERS_FREE_APOSTLE_HOLY_SITE_MODIFIER_BK', 'DistrictType', 'DISTRICT_HOLY_SITE'),
	('ITINERANT_PREACHERS_FREE_APOSTLE_HOLY_SITE_MODIFIER_BK', 'UnitType', 'UNIT_APOSTLE'),
	('RELIGIOUS_COLONIZATION_CULTURE_BOMB_HOLY_SITE_BK', 'ModifierId', 'RELIGIOUS_COLONIZATION_CULTURE_BOMB_HOLY_SITE_MODIFIER_BK'),
	('RELIGIOUS_COLONIZATION_CULTURE_BOMB_HOLY_SITE_MODIFIER_BK', 'DistrictType', 'DISTRICT_HOLY_SITE'),
	('SCRIPTURE_SPREAD_DISTANCE_BK', 'DistanceChange', 5);
INSERT INTO BeliefModifiers(BeliefType, ModifierId) VALUES
	('BELIEF_HOLY_WATERS', 'HOLY_WATERS_HEAL_FROM_COMBAT_BK'),
	('BELIEF_ITINERANT_PREACHERS', 'ITINERANT_PREACHERS_FREE_APOSTLE_HOLY_SITE_BK'),
	('BELIEF_RELIGIOUS_COLONIZATION', 'RELIGIOUS_COLONIZATION_CULTURE_BOMB_HOLY_SITE_BK'),
	('BELIEF_SCRIPTURE', 'SCRIPTURE_SPREAD_DISTANCE_BK');