-- UC_SAT_Projects
-- Author: JNR
--------------------------------------------------------------

INSERT INTO Types(Type, Kind) VALUES
		('PROJECT_JNR_SATELLITE_MILITARY',						'KIND_PROJECT'),
		('PROJECT_JNR_SATELLITE_BROADCAST',						'KIND_PROJECT'),
		('PROJECT_JNR_SATELLITE_COMMUNICATION',					'KIND_PROJECT'),
		('PROJECT_JNR_SATELLITE_SOLAR_POWER',					'KIND_PROJECT'),
		('PROJECT_JNR_SATELLITE_WEATHER',						'KIND_PROJECT'),
		('PROJECT_JNR_SATELLITE_ECOLOGY',						'KIND_PROJECT'),
		('ABILITY_JNR_SAT_MILITARY_COMBAT_STRENGTH_BUFF',		'KIND_ABILITY');
INSERT INTO TypeTags(Type, Tag) VALUES
		('ABILITY_JNR_SAT_MILITARY_COMBAT_STRENGTH_BUFF',		'CLASS_RECON'),
		('ABILITY_JNR_SAT_MILITARY_COMBAT_STRENGTH_BUFF',		'CLASS_MELEE'),
		('ABILITY_JNR_SAT_MILITARY_COMBAT_STRENGTH_BUFF',		'CLASS_RANGED'),
		('ABILITY_JNR_SAT_MILITARY_COMBAT_STRENGTH_BUFF',		'CLASS_SIEGE'),
		('ABILITY_JNR_SAT_MILITARY_COMBAT_STRENGTH_BUFF',		'CLASS_HEAVY_CAVALRY'),
		('ABILITY_JNR_SAT_MILITARY_COMBAT_STRENGTH_BUFF',		'CLASS_LIGHT_CAVALRY'),
		('ABILITY_JNR_SAT_MILITARY_COMBAT_STRENGTH_BUFF',		'CLASS_RANGED_CAVALRY'),
		('ABILITY_JNR_SAT_MILITARY_COMBAT_STRENGTH_BUFF',		'CLASS_ANTI_CAVALRY'),
		('ABILITY_JNR_SAT_MILITARY_COMBAT_STRENGTH_BUFF',		'CLASS_HEAVY_CHARIOT'),
		('ABILITY_JNR_SAT_MILITARY_COMBAT_STRENGTH_BUFF',		'CLASS_LIGHT_CHARIOT'),
		('ABILITY_JNR_SAT_MILITARY_COMBAT_STRENGTH_BUFF',		'CLASS_NAVAL_MELEE'),
		('ABILITY_JNR_SAT_MILITARY_COMBAT_STRENGTH_BUFF',		'CLASS_NAVAL_RANGED'),
		('ABILITY_JNR_SAT_MILITARY_COMBAT_STRENGTH_BUFF',		'CLASS_NAVAL_RAIDER'),
		('ABILITY_JNR_SAT_MILITARY_COMBAT_STRENGTH_BUFF',		'CLASS_AIRCRAFT');

INSERT INTO UnitAbilities(UnitAbilityType, Name, Description, Inactive) VALUES
		('ABILITY_JNR_SAT_MILITARY_COMBAT_STRENGTH_BUFF', 'LOC_ABILITY_JNR_SAT_MILITARY_COMBAT_STRENGTH_BUFF_NAME', 'LOC_ABILITY_JNR_SAT_MILITARY_COMBAT_STRENGTH_BUFF_DESCRIPTION', 1);
INSERT INTO UnitAbilityModifiers(UnitAbilityType, ModifierId) VALUES
		('ABILITY_JNR_SAT_MILITARY_COMBAT_STRENGTH_BUFF', 'SAT_MILITARY_COMBAT_STRENGTH_BUFF_JNR');

INSERT INTO Projects(ProjectType, Cost,	CostProgressionModel, CostProgressionParam1, PrereqDistrict, VisualBuildingType, SpaceRace, MaxPlayerInstances, PrereqResource, AdvisorType, Name, ShortName, Description, PopupText) VALUES
		('PROJECT_JNR_SATELLITE_MILITARY', 1000, 'NO_PROGRESSION_MODEL', 0, 'DISTRICT_SPACEPORT', 'BUILDING_MEDIUM_ROCKET', 1, 1, 'RESOURCE_ALUMINUM', 'ADVISOR_CONQUEST', 'LOC_PROJECT_JNR_SATELLITE_MILITARY_NAME', 'LOC_PROJECT_JNR_SATELLITE_MILITARY_SHORT_NAME', 'LOC_PROJECT_JNR_SATELLITE_MILITARY_DESCRIPTION', 'LOC_PROJECT_JNR_SATELLITE_MILITARY_POPUP'),
		('PROJECT_JNR_SATELLITE_BROADCAST', 1000, 'COST_PROGRESSION_PREVIOUS_COPIES', 500, 'DISTRICT_SPACEPORT', 'BUILDING_SMALL_ROCKET', 1, NULL, 'RESOURCE_ALUMINUM', 'ADVISOR_CULTURE', 'LOC_PROJECT_JNR_SATELLITE_BROADCAST_NAME', 'LOC_PROJECT_JNR_SATELLITE_BROADCAST_SHORT_NAME', 'LOC_PROJECT_JNR_SATELLITE_BROADCAST_DESCRIPTION', 'LOC_PROJECT_JNR_SATELLITE_BROADCAST_POPUP'),
		('PROJECT_JNR_SATELLITE_COMMUNICATION', 1500, 'NO_PROGRESSION_MODEL', 0, 'DISTRICT_SPACEPORT', 'BUILDING_MEDIUM_ROCKET', 1, 1, 'RESOURCE_ALUMINUM', 'ADVISOR_GENERIC', 'LOC_PROJECT_JNR_SATELLITE_COMMUNICATION_NAME', 'LOC_PROJECT_JNR_SATELLITE_COMMUNICATION_SHORT_NAME', 'LOC_PROJECT_JNR_SATELLITE_COMMUNICATION_DESCRIPTION', 'LOC_PROJECT_JNR_SATELLITE_COMMUNICATION_POPUP'),
		('PROJECT_JNR_SATELLITE_SOLAR_POWER', 1500, 'COST_PROGRESSION_PREVIOUS_COPIES', 500, 'DISTRICT_SPACEPORT', 'BUILDING_SMALL_ROCKET', 1, NULL, 'RESOURCE_ALUMINUM', 'ADVISOR_GENERIC', 'LOC_PROJECT_JNR_SATELLITE_SOLAR_POWER_NAME', 'LOC_PROJECT_JNR_SATELLITE_SOLAR_POWER_SHORT_NAME', 'LOC_PROJECT_JNR_SATELLITE_SOLAR_POWER_DESCRIPTION', 'LOC_PROJECT_JNR_SATELLITE_SOLAR_POWER_POPUP'),
		('PROJECT_JNR_SATELLITE_WEATHER', 2000, 'NO_PROGRESSION_MODEL', 0, 'DISTRICT_SPACEPORT', 'BUILDING_MEDIUM_ROCKET', 1, 1, 'RESOURCE_ALUMINUM', 'ADVISOR_GENERIC', 'LOC_PROJECT_JNR_SATELLITE_WEATHER_NAME', 'LOC_PROJECT_JNR_SATELLITE_WEATHER_SHORT_NAME', 'LOC_PROJECT_JNR_SATELLITE_WEATHER_DESCRIPTION', 'LOC_PROJECT_JNR_SATELLITE_WEATHER_POPUP'),
		('PROJECT_JNR_SATELLITE_ECOLOGY', 2000, 'COST_PROGRESSION_PREVIOUS_COPIES', 500, 'DISTRICT_SPACEPORT', 'BUILDING_SMALL_ROCKET', 1, NULL, 'RESOURCE_ALUMINUM', 'ADVISOR_GENERIC', 'LOC_PROJECT_JNR_SATELLITE_ECOLOGY_NAME', 'LOC_PROJECT_JNR_SATELLITE_ECOLOGY_SHORT_NAME', 'LOC_PROJECT_JNR_SATELLITE_ECOLOGY_DESCRIPTION', 'LOC_PROJECT_JNR_SATELLITE_ECOLOGY_POPUP');

INSERT INTO ProjectPrereqs(ProjectType, PrereqProjectType, MinimumPlayerInstances) VALUES
		('PROJECT_JNR_SATELLITE_MILITARY',		'PROJECT_LAUNCH_EARTH_SATELLITE',	1),
		('PROJECT_JNR_SATELLITE_BROADCAST',		'PROJECT_LAUNCH_EARTH_SATELLITE',	1),
		('PROJECT_JNR_SATELLITE_COMMUNICATION',	'PROJECT_LAUNCH_MOON_LANDING',		1),
		('PROJECT_JNR_SATELLITE_SOLAR_POWER',	'PROJECT_LAUNCH_MOON_LANDING',		1),
		('PROJECT_JNR_SATELLITE_WEATHER',		'PROJECT_LAUNCH_MARS_BASE',			1),
		('PROJECT_JNR_SATELLITE_ECOLOGY',		'PROJECT_LAUNCH_MARS_BASE',			1);

INSERT INTO Project_ResourceCosts(ProjectType, ResourceType, StartProductionCost) VALUES
		('PROJECT_JNR_SATELLITE_MILITARY',		'RESOURCE_ALUMINUM',	30),
		('PROJECT_JNR_SATELLITE_BROADCAST',		'RESOURCE_ALUMINUM',	15),
		('PROJECT_JNR_SATELLITE_COMMUNICATION',	'RESOURCE_ALUMINUM',	30),
		('PROJECT_JNR_SATELLITE_SOLAR_POWER',	'RESOURCE_ALUMINUM',	15),
		('PROJECT_JNR_SATELLITE_WEATHER',		'RESOURCE_ALUMINUM',	30),
		('PROJECT_JNR_SATELLITE_ECOLOGY',		'RESOURCE_ALUMINUM',	15);

INSERT INTO Requirements(RequirementId, RequirementType) VALUES
		('REQUIRES_PLOT_HAS_TERRACE_FARM_JNR',					'REQUIREMENT_PLOT_IMPROVEMENT_TYPE_MATCHES'),
		('REQUIRES_JNR_SAT_WEATHER_FOOD_REQUIREMENTSET',		'REQUIREMENT_REQUIREMENTSET_IS_MET');
INSERT INTO RequirementArguments(RequirementId, Name, Value) VALUES
		('REQUIRES_PLOT_HAS_TERRACE_FARM_JNR',					'ImprovementType',		'IMPROVEMENT_TERRACE_FARM'),
		('REQUIRES_JNR_SAT_WEATHER_FOOD_REQUIREMENTSET',		'RequirementSetId',		'REQUIREMENTS_JNR_SAT_WEATHER_FOOD');
INSERT INTO RequirementSets(RequirementSetId, RequirementSetType) VALUES
		('REQUIREMENTS_JNR_SAT_WEATHER_FOOD',					'REQUIREMENTSET_TEST_ANY'),
		('REQUIREMENTS_JNR_SAT_WEATHER_PRODUCTION',				'REQUIREMENTSET_TEST_ALL');
INSERT INTO RequirementSetRequirements(RequirementSetId, RequirementId) VALUES
		('REQUIREMENTS_JNR_SAT_WEATHER_FOOD',					'REQUIRES_PLOT_HAS_FARM'),
		('REQUIREMENTS_JNR_SAT_WEATHER_FOOD',					'REQUIRES_PLOT_HAS_TERRACE_FARM_JNR'),
		('REQUIREMENTS_JNR_SAT_WEATHER_PRODUCTION',				'REQUIRES_JNR_SAT_WEATHER_FOOD_REQUIREMENTSET'),
		('REQUIREMENTS_JNR_SAT_WEATHER_PRODUCTION',				'PLOT_HAS_RESOURCE_REQUIREMENTS');

INSERT INTO Modifiers(ModifierId, ModifierType, SubjectRequirementSetId) VALUES
		('PROJECT_COMPLETION_JNR_SAT_MILITARY_COMBAT_STRENGTH',				'MODIFIER_PLAYER_UNITS_GRANT_ABILITY',							NULL),
		('SAT_MILITARY_COMBAT_STRENGTH_BUFF_JNR',							'MODIFIER_UNIT_ADJUST_COMBAT_STRENGTH',							NULL),
		('PROJECT_COMPLETION_JNR_SAT_BROADCAST_TOURISM',					'MODIFIER_PLAYER_ADJUST_TOURISM',								NULL),
		('PROJECT_COMPLETION_JNR_SAT_COMMUNICATION_DOMESTIC_TRADE',			'MODIFIER_PLAYER_ADJUST_TRADE_ROUTE_YIELD_FOR_DOMESTIC',		NULL),
		('PROJECT_COMPLETION_JNR_SAT_COMMUNICATION_INTERNATIONAL_TRADE',	'MODIFIER_PLAYER_ADJUST_TRADE_ROUTE_YIELD_FOR_INTERNATIONAL',	NULL),
		('PROJECT_COMPLETION_JNR_SAT_SOLAR_POWER',							'MODIFIER_SINGLE_CITY_ADJUST_FREE_POWER',						NULL),
		('PROJECT_COMPLETION_JNR_SAT_WEATHER_FARM_FOOD',					'MODIFIER_PLAYER_ADJUST_PLOT_YIELD',							'REQUIREMENTS_JNR_SAT_WEATHER_FOOD'),
		('PROJECT_COMPLETION_JNR_SAT_WEATHER_FARM_PRODUCTION',				'MODIFIER_PLAYER_ADJUST_PLOT_YIELD',							'REQUIREMENTS_JNR_SAT_WEATHER_PRODUCTION'),
		('PROJECT_COMPLETION_JNR_SAT_ECOLOGY_HOUSING',						'MODIFIER_PLAYER_CITIES_ADJUST_POLICY_HOUSING',					NULL),
		('PROJECT_COMPLETION_JNR_SAT_ECOLOGY_ENTERTAINMENT',				'MODIFIER_PLAYER_CITIES_ADJUST_POLICY_AMENITY',					NULL);
INSERT INTO ModifierArguments(ModifierId, Name, Value) VALUES
		('PROJECT_COMPLETION_JNR_SAT_MILITARY_COMBAT_STRENGTH',				'AbilityType',		'ABILITY_JNR_SAT_MILITARY_COMBAT_STRENGTH_BUFF'),
		('SAT_MILITARY_COMBAT_STRENGTH_BUFF_JNR',							'Amount',			3),
		('PROJECT_COMPLETION_JNR_SAT_BROADCAST_TOURISM',					'Amount',			5),
		('PROJECT_COMPLETION_JNR_SAT_COMMUNICATION_DOMESTIC_TRADE',			'YieldType',		'YIELD_PRODUCTION'),
		('PROJECT_COMPLETION_JNR_SAT_COMMUNICATION_DOMESTIC_TRADE',			'Amount',			2),
		('PROJECT_COMPLETION_JNR_SAT_COMMUNICATION_INTERNATIONAL_TRADE',	'YieldType',		'YIELD_GOLD'),
		('PROJECT_COMPLETION_JNR_SAT_COMMUNICATION_INTERNATIONAL_TRADE',	'Amount',			4),
		('PROJECT_COMPLETION_JNR_SAT_SOLAR_POWER',							'Amount',			6),
		('PROJECT_COMPLETION_JNR_SAT_SOLAR_POWER',							'SourceType',		'FREE_POWER_SOURCE_SOLAR'),
		('PROJECT_COMPLETION_JNR_SAT_WEATHER_FARM_FOOD',					'YieldType',		'YIELD_FOOD'),
		('PROJECT_COMPLETION_JNR_SAT_WEATHER_FARM_FOOD',					'Amount',			1),
		('PROJECT_COMPLETION_JNR_SAT_WEATHER_FARM_PRODUCTION',				'YieldType',		'YIELD_PRODUCTION'),
		('PROJECT_COMPLETION_JNR_SAT_WEATHER_FARM_PRODUCTION',				'Amount',			1),
		('PROJECT_COMPLETION_JNR_SAT_ECOLOGY_HOUSING',						'Amount',			2),
		('PROJECT_COMPLETION_JNR_SAT_ECOLOGY_ENTERTAINMENT',				'Amount',			1);
INSERT INTO ModifierStrings(ModifierId, Context, Text) VALUES
		('SAT_MILITARY_COMBAT_STRENGTH_BUFF_JNR', 'Preview', 'LOC_ABILITY_JNR_SAT_MILITARY_COMBAT_STRENGTH_BUFF_MODIFIER_DESCRIPTION');
		
INSERT INTO ProjectCompletionModifiers(ProjectType, ModifierId) VALUES
		('PROJECT_JNR_SATELLITE_MILITARY',		'PROJECT_COMPLETION_JNR_SAT_MILITARY_COMBAT_STRENGTH'),
		('PROJECT_JNR_SATELLITE_BROADCAST',		'PROJECT_COMPLETION_JNR_SAT_BROADCAST_TOURISM'),
		('PROJECT_JNR_SATELLITE_COMMUNICATION',	'PROJECT_COMPLETION_JNR_SAT_COMMUNICATION_DOMESTIC_TRADE'),
		('PROJECT_JNR_SATELLITE_COMMUNICATION',	'PROJECT_COMPLETION_JNR_SAT_COMMUNICATION_INTERNATIONAL_TRADE'),
		('PROJECT_JNR_SATELLITE_SOLAR_POWER',	'PROJECT_COMPLETION_JNR_SAT_SOLAR_POWER'),
		('PROJECT_JNR_SATELLITE_WEATHER',		'PROJECT_COMPLETION_JNR_SAT_WEATHER_FARM_FOOD'),
		('PROJECT_JNR_SATELLITE_WEATHER',		'PROJECT_COMPLETION_JNR_SAT_WEATHER_FARM_PRODUCTION'),
		('PROJECT_JNR_SATELLITE_ECOLOGY',		'PROJECT_COMPLETION_JNR_SAT_ECOLOGY_HOUSING'),
		('PROJECT_JNR_SATELLITE_ECOLOGY',		'PROJECT_COMPLETION_JNR_SAT_ECOLOGY_ENTERTAINMENT');