DELETE FROM BuildingPrereqs WHERE Building='BUILDING_AMUNDSEN_SCOTT_RESEARCH_STATION';
UPDATE Buildings SET AdjacentDistrict='DISTRICT_CAMPUS' WHERE BuildingType='BUILDING_AMUNDSEN_SCOTT_RESEARCH_STATION';

UPDATE Buildings SET RequiresRiver=0 WHERE BuildingType='BUILDING_BIOSPHERE';
UPDATE ModifierArguments SET Value=100 WHERE ModifierId='BIOSPHERE_MODIFIED_FREE_POWER' AND Name='Amount';

INSERT INTO BuildingModifiers(BuildingType, ModifierId) VALUES
		('BUILDING_BOLSHOI_THEATRE', 'BOLSHOI_THEATRE_GREAT_MUSICIAN_BK');
INSERT INTO Modifiers(ModifierId, ModifierType) VALUES
		('BOLSHOI_THEATRE_GREAT_MUSICIAN_BK', 'MODIFIER_SINGLE_CITY_GRANT_GREAT_PERSON_CLASS_IN_CITY');
INSERT INTO ModifierArguments(ModifierId, Name, Value) VALUES
		('BOLSHOI_THEATRE_GREAT_MUSICIAN_BK', 'GreatPersonClassType', 'GREAT_PERSON_CLASS_MUSICIAN'),
		('BOLSHOI_THEATRE_GREAT_MUSICIAN_BK', 'Amount', 1);

UPDATE Modifiers SET SubjectRequirementSetId='IS_PLAYER_BK' WHERE ModifierId='CHICHEN_ITZA_JUNGLE_PRODUCTION';
INSERT INTO RequirementSets(RequirementSetId, RequirementSetType) VALUES
		('IS_PLAYER_BK', 'REQUIREMENTSET_TEST_ALL');
INSERT INTO RequirementSetRequirements(RequirementSetId, RequirementId) VALUES
		('IS_PLAYER_BK', 'REQUIRES_PLAYER');

INSERT INTO BuildingModifiers(BuildingType, ModifierId) VALUES
		('BUILDING_COLOSSUS', 'COLOSSUS_MORETRADEROUTE_BK');
INSERT INTO Modifiers(ModifierId, ModifierType, SubjectRequirementSetId) VALUES
		('COLOSSUS_MORETRADEROUTE_BK', 'MODIFIER_ALL_CITIES_ATTACH_MODIFIER', 'CITY_HAS_MARKET_AND_LIGHTHOUSE_BK'),
		('COLOSSUS_MORETRADEROUTE_MODIFIER_BK', 'MODIFIER_PLAYER_ADJUST_TRADE_ROUTE_CAPACITY', NULL);
INSERT INTO ModifierArguments(ModifierId, Name, Value) VALUES
		('COLOSSUS_MORETRADEROUTE_BK', 'ModifierId', 'COLOSSUS_MORETRADEROUTE_MODIFIER_BK'),
		('COLOSSUS_MORETRADEROUTE_MODIFIER_BK', 'Amount', 1);
INSERT INTO RequirementSets(RequirementSetId, RequirementSetType) VALUES
		('CITY_HAS_MARKET_AND_LIGHTHOUSE_BK', 'REQUIREMENTSET_TEST_ALL');
INSERT INTO RequirementSetRequirements(RequirementSetId, RequirementId) VALUES
		('CITY_HAS_MARKET_AND_LIGHTHOUSE_BK', 'REQUIRES_CITY_HAS_MARKET_BK'),
		('CITY_HAS_MARKET_AND_LIGHTHOUSE_BK', 'REQUIRES_CITY_HAS_LIGHTHOUSE_BK');
INSERT INTO Requirements(RequirementId, RequirementType, Inverse) VALUES
		('REQUIRES_CITY_HAS_MARKET_BK', 'REQUIREMENT_CITY_HAS_BUILDING', 0),
		('REQUIRES_CITY_HAS_LIGHTHOUSE_BK', 'REQUIREMENT_CITY_HAS_BUILDING', 0);
INSERT INTO RequirementArguments(RequirementId, Name, Value) VALUES
		('REQUIRES_CITY_HAS_MARKET_BK', 'BuildingType', 'BUILDING_MARKET'),
		('REQUIRES_CITY_HAS_MARKET_BK', 'MustBeFunctioning', 1),
		('REQUIRES_CITY_HAS_LIGHTHOUSE_BK', 'BuildingType', 'BUILDING_LIGHTHOUSE'),
		('REQUIRES_CITY_HAS_LIGHTHOUSE_BK', 'MustBeFunctioning', 1);

UPDATE ModifierArguments SET Value=1 WHERE ModifierId='ETEMENANKI_SCIENCE_MARSH' AND Name='Amount';

DELETE FROM BuildingPrereqs WHERE Building='BUILDING_GREAT_LIGHTHOUSE';
UPDATE Buildings SET AdjacentDistrict='DISTRICT_HARBOR' WHERE BuildingType='BUILDING_GREAT_LIGHTHOUSE';
INSERT INTO BuildingModifiers(BuildingType, ModifierId) VALUES
		('BUILDING_GREAT_LIGHTHOUSE', 'GREATLIGHTHOUSE_ADJUST_GREATADMIRAL_MOVEMENT_BK'),
		('BUILDING_GREAT_LIGHTHOUSE', 'COLOSSUS_ADDTRADEROUTE');
INSERT INTO Modifiers(ModifierId, ModifierType, SubjectRequirementSetId) VALUES
		('GREATLIGHTHOUSE_ADJUST_GREATADMIRAL_MOVEMENT_BK', 'MODIFIER_PLAYER_UNITS_GRANT_ABILITY', 'UNIT_IS_GREAT_ADMIRAL_BK');
INSERT INTO ModifierArguments(ModifierId, Name, Value) VALUES
		('GREATLIGHTHOUSE_ADJUST_GREATADMIRAL_MOVEMENT_BK', 'AbilityType', 'ABILITY_GREATLIGHTHOUSE_GREATADMIRAL_MOVEMENT_BK');
INSERT INTO RequirementSets(RequirementSetId, RequirementSetType) VALUES
		('UNIT_IS_GREAT_ADMIRAL_BK', 'REQUIREMENTSET_TEST_ALL');
INSERT INTO RequirementSetRequirements(RequirementSetId, RequirementId) VALUES
		('UNIT_IS_GREAT_ADMIRAL_BK', 'REQUIRES_UNIT_IS_GREAT_ADMIRAL_BK');
INSERT INTO Requirements(RequirementId, RequirementType, Inverse) VALUES
		('REQUIRES_UNIT_IS_GREAT_ADMIRAL_BK', 'REQUIREMENT_UNIT_TYPE_MATCHES', 0);
INSERT INTO RequirementArguments(RequirementId, Name, Value) VALUES
		('REQUIRES_UNIT_IS_GREAT_ADMIRAL_BK', 'UnitType', 'UNIT_GREAT_ADMIRAL');
		
INSERT INTO Types (Type, Kind) VALUES
		('ABILITY_GREATLIGHTHOUSE_GREATADMIRAL_MOVEMENT_BK', 'KIND_ABILITY');
INSERT INTO TypeTags (Type, Tag) VALUES
		('ABILITY_GREATLIGHTHOUSE_GREATADMIRAL_MOVEMENT_BK', 'CLASS_LANDCIVILIAN');
INSERT INTO UnitAbilities (UnitAbilityType, Name, Description, Inactive) VALUES
		('ABILITY_GREATLIGHTHOUSE_GREATADMIRAL_MOVEMENT_BK', 'LOC_ABILITY_GREATLIGHTHOUSE_GREATADMIRAL_MOVEMENT_BK_NAME', 'LOC_ABILITY_GREATLIGHTHOUSE_GREATADMIRAL_MOVEMENT_BK_DESCRIPTION', 1);
INSERT INTO UnitAbilityModifiers (UnitAbilityType, ModifierId) VALUES
		('ABILITY_GREATLIGHTHOUSE_GREATADMIRAL_MOVEMENT_BK', 'GREATLIGHTHOUSE_GREATADMIRAL_MOVEMENT_BK');
INSERT INTO Modifiers (ModifierId, ModifierType) VALUES
		('GREATLIGHTHOUSE_GREATADMIRAL_MOVEMENT_BK', 'MODIFIER_PLAYER_UNIT_ADJUST_MOVEMENT');
INSERT INTO ModifierArguments (ModifierId, Name, Value) VALUES
		('GREATLIGHTHOUSE_GREATADMIRAL_MOVEMENT_BK', 'Amount', 2);
		
INSERT INTO BuildingModifiers(BuildingType, ModifierId) VALUES
		('BUILDING_HERMITAGE', 'HERMITAGE_SCULPTURE_CULTURE_BK'),
		('BUILDING_HERMITAGE', 'HERMITAGE_SCULPTURE_PORTRAIT_BK'),
		('BUILDING_HERMITAGE', 'HERMITAGE_SCULPTURE_LANDSCAPE_BK'),
		('BUILDING_HERMITAGE', 'HERMITAGE_SCULPTURE_RELIGIOUS_BK');
INSERT INTO Modifiers(ModifierId, ModifierType) VALUES
		('HERMITAGE_SCULPTURE_CULTURE_BK', 'MODIFIER_PLAYER_CITIES_ADJUST_GREATWORK_YIELD'),
		('HERMITAGE_SCULPTURE_PORTRAIT_BK', 'MODIFIER_PLAYER_CITIES_ADJUST_GREATWORK_YIELD'),
		('HERMITAGE_SCULPTURE_LANDSCAPE_BK', 'MODIFIER_PLAYER_CITIES_ADJUST_GREATWORK_YIELD'),
		('HERMITAGE_SCULPTURE_RELIGIOUS_BK', 'MODIFIER_PLAYER_CITIES_ADJUST_GREATWORK_YIELD');
INSERT INTO ModifierArguments(ModifierId, Name, Value) VALUES
		('HERMITAGE_SCULPTURE_CULTURE_BK', 'GreatWorkObjectType', 'GREATWORKOBJECT_SCULPTURE'),
		('HERMITAGE_SCULPTURE_CULTURE_BK', 'YieldType', 'YIELD_CULTURE'),
		('HERMITAGE_SCULPTURE_CULTURE_BK', 'YieldChange', 1),
		('HERMITAGE_SCULPTURE_PORTRAIT_BK', 'GreatWorkObjectType', 'GREATWORKOBJECT_PORTRAIT'),
		('HERMITAGE_SCULPTURE_PORTRAIT_BK', 'YieldType', 'YIELD_CULTURE'),
		('HERMITAGE_SCULPTURE_PORTRAIT_BK', 'YieldChange', 1),
		('HERMITAGE_SCULPTURE_LANDSCAPE_BK', 'GreatWorkObjectType', 'GREATWORKOBJECT_LANDSCAPE'),
		('HERMITAGE_SCULPTURE_LANDSCAPE_BK', 'YieldType', 'YIELD_CULTURE'),
		('HERMITAGE_SCULPTURE_LANDSCAPE_BK', 'YieldChange', 1),
		('HERMITAGE_SCULPTURE_RELIGIOUS_BK', 'GreatWorkObjectType', 'GREATWORKOBJECT_RELIGIOUS'),
		('HERMITAGE_SCULPTURE_RELIGIOUS_BK', 'YieldType', 'YIELD_CULTURE'),
		('HERMITAGE_SCULPTURE_RELIGIOUS_BK', 'YieldChange', 1);

INSERT INTO BuildingModifiers(BuildingType, ModifierId) VALUES
		('BUILDING_HUEY_TEOCALLI', 'HUEY_LAKE_LOCAL_FOOD_BK');
INSERT INTO Modifiers(ModifierId, ModifierType, SubjectRequirementSetId) VALUES
		('HUEY_LAKE_LOCAL_FOOD_BK', 'MODIFIER_CITY_PLOT_YIELDS_ADJUST_PLOT_YIELD', 'FOODHUEY_PLOT_IS_LAKE_REQUIREMENTS');
INSERT INTO ModifierArguments(ModifierId, Name, Value) VALUES
		('HUEY_LAKE_LOCAL_FOOD_BK', 'YieldType', 'YIELD_FOOD'),
		('HUEY_LAKE_LOCAL_FOOD_BK', 'Amount', 1);

UPDATE Building_YieldChanges SET YieldChange=2 WHERE BuildingType='BUILDING_JEBEL_BARKAL' AND YieldType='YIELD_FAITH';
INSERT INTO Building_YieldChanges(BuildingType, YieldType, YieldChange) VALUES
		('BUILDING_JEBEL_BARKAL', 'YIELD_SCIENCE', 2);
		
UPDATE ModifierArguments SET Value='YIELD_SCIENCE,YIELD_CULTURE' WHERE ModifierId='HALICARNASSUS_MAUSOLEUM_YIELD_MODIFIER' AND Name='YieldType';
UPDATE ModifierArguments SET Value='1,1' WHERE ModifierId='HALICARNASSUS_MAUSOLEUM_YIELD_MODIFIER' AND Name='Amount';
INSERT INTO BuildingModifiers(BuildingType, ModifierId) VALUES
		('BUILDING_HALICARNASSUS_MAUSOLEUM', 'HALICARNASSUS_MAUSOLEUM_ALL_CITIES_YIELD_BK');
INSERT INTO Modifiers(ModifierId, ModifierType, SubjectRequirementSetId) VALUES
		('HALICARNASSUS_MAUSOLEUM_ALL_CITIES_YIELD_BK', 'MODIFIER_ALL_CITIES_ATTACH_MODIFIER', 'IS_PLAYER_BK'),
		('HALICARNASSUS_MAUSOLEUM_ALL_CITIES_YIELD_MODIFIER_BK', 'MODIFIER_CITY_PLOT_YIELDS_ADJUST_PLOT_YIELD', 'HALICARNASSUS_MAUSOLEUM_YIELD_MODIFIER_REQUIREMENTS');
INSERT INTO ModifierArguments(ModifierId, Name, Value) VALUES
		('HALICARNASSUS_MAUSOLEUM_ALL_CITIES_YIELD_BK', 'ModifierId', 'HALICARNASSUS_MAUSOLEUM_ALL_CITIES_YIELD_MODIFIER_BK'),
		('HALICARNASSUS_MAUSOLEUM_ALL_CITIES_YIELD_MODIFIER_BK', 'YieldType', 'YIELD_FAITH'),
		('HALICARNASSUS_MAUSOLEUM_ALL_CITIES_YIELD_MODIFIER_BK', 'Amount', '1');
		
INSERT INTO BuildingModifiers(BuildingType, ModifierId) VALUES
		('BUILDING_PANAMA_CANAL', 'PANAMA_CANAL_GOLD_BK');
INSERT INTO Modifiers(ModifierId, ModifierType, SubjectRequirementSetId) VALUES
		('PANAMA_CANAL_GOLD_BK', 'MODIFIER_PLAYER_CITIES_ADJUST_CITY_YIELD_CHANGE', 'CANAL_ADJACENT_BK');
INSERT INTO ModifierArguments(ModifierId, Name, Value) VALUES
		('PANAMA_CANAL_GOLD_BK', 'YieldType', 'YIELD_GOLD'),
		('PANAMA_CANAL_GOLD_BK', 'Amount', 5);
INSERT INTO RequirementSets(RequirementSetId, RequirementSetType) VALUES
		('CANAL_ADJACENT_BK', 'REQUIREMENTSET_TEST_ANY');
INSERT INTO RequirementSetRequirements(RequirementSetId, RequirementId) VALUES
		('CANAL_ADJACENT_BK', 'JNR_REQUIRES_CANAL_ADJACENT'),
		('CANAL_ADJACENT_BK', 'REQUIRES_PANAMA_ADJACENT_BK');
INSERT INTO DistrictModifiers(DistrictType, ModifierId) VALUES			
		('DISTRICT_INDUSTRIAL_ZONE', 'PANAMA_PRODUCTION_BK'),
		('DISTRICT_HANSA', 'PANAMA_PRODUCTION_BK'),
		('DISTRICT_OPPIDUM', 'PANAMA_PRODUCTION_BK');
INSERT INTO Modifiers(ModifierId, ModifierType, SubjectRequirementSetId) VALUES
		('PANAMA_PRODUCTION_BK', 'MODIFIER_PLAYER_DISTRICT_ADJUST_BASE_YIELD_CHANGE', 'PANAMA_ADJACENT_BK');
INSERT INTO ModifierArguments(ModifierId, Name, Value) VALUES
		('PANAMA_PRODUCTION_BK', 'YieldType', 'YIELD_PRODUCTION'),
		('PANAMA_PRODUCTION_BK', 'Amount', 2);
INSERT INTO RequirementSets(RequirementSetId, RequirementSetType) VALUES
		('PANAMA_ADJACENT_BK', 'REQUIREMENTSET_TEST_ALL');
INSERT INTO RequirementSetRequirements(RequirementSetId, RequirementId) VALUES
		('PANAMA_ADJACENT_BK', 'REQUIRES_PANAMA_ADJACENT_BK');
		
UPDATE ModifierArguments SET Value='YIELD_FOOD,YIELD_GOLD' WHERE ModifierId='PETRA_YIELD_MODIFIER' AND Name='YieldType';
UPDATE ModifierArguments SET Value='1,2' WHERE ModifierId='PETRA_YIELD_MODIFIER' AND Name='Amount';
INSERT INTO BuildingModifiers(BuildingType, ModifierId) VALUES
		('BUILDING_PETRA', 'PETRA_ALL_CITIES_YIELD_BK');
INSERT INTO Modifiers(ModifierId, ModifierType, SubjectRequirementSetId) VALUES
		('PETRA_ALL_CITIES_YIELD_BK', 'MODIFIER_ALL_CITIES_ATTACH_MODIFIER', 'IS_PLAYER_BK'),
		('PETRA_ALL_CITIES_YIELD_MODIFIER_BK', 'MODIFIER_CITY_PLOT_YIELDS_ADJUST_PLOT_YIELD', 'PETRA_YIELD_MODIFIER_REQUIREMENTS');
INSERT INTO ModifierArguments(ModifierId, Name, Value) VALUES
		('PETRA_ALL_CITIES_YIELD_BK', 'ModifierId', 'PETRA_ALL_CITIES_YIELD_MODIFIER_BK'),
		('PETRA_ALL_CITIES_YIELD_MODIFIER_BK', 'YieldType', 'YIELD_FOOD,YIELD_PRODUCTION'),
		('PETRA_ALL_CITIES_YIELD_MODIFIER_BK', 'Amount', '1,1');
		
UPDATE Modifiers SET SubjectRequirementSetId='IS_PLAYER_BK' WHERE ModifierId='STBASILS_ADDFOOD';

DELETE FROM BuildingModifiers WHERE BuildingType='BUILDING_STATUE_LIBERTY' AND ModifierId='STATUELIBERTY_CITIES_ALWAYS_LOYAL';
INSERT INTO BuildingModifiers(BuildingType, ModifierId) VALUES
		('BUILDING_STATUE_LIBERTY', 'STATUE_LIBERTY_GOLDEN_AGE_IDENTITY_BK');
INSERT INTO Modifiers(ModifierId, ModifierType, SubjectRequirementSetId) VALUES
		('STATUE_LIBERTY_GOLDEN_AGE_IDENTITY_BK', 'MODIFIER_PLAYER_CITIES_ADJUST_IDENTITY_PER_CITIZEN', 'PLAYER_HAS_GOLDEN_AGE');
INSERT INTO ModifierArguments(ModifierId, Name, Value) VALUES
		('STATUE_LIBERTY_GOLDEN_AGE_IDENTITY_BK', 'Amount', 0.5);
UPDATE ModifierArguments SET Value=3 WHERE ModifierId='STATUELIBERTY_DIPLOVP' AND Name='Amount';

UPDATE ModifierArguments SET Value=30 WHERE ModifierId='STAUEZEUS_ANTI_CAVALRY_PRODUCTION' AND Name='Amount';
INSERT INTO BuildingPrereqs(Building, PrereqBuilding) VALUES
		('BUILDING_STATUE_OF_ZEUS', 'BUILDING_STABLE');

UPDATE Building_GreatPersonPoints SET PointsPerTurn=7 WHERE BuildingType='BUILDING_SYDNEY_OPERA_HOUSE' AND GreatPersonClassType='GREAT_PERSON_CLASS_MUSICIAN';
UPDATE Buildings SET AdjacentDistrict='DISTRICT_THEATER' WHERE BuildingType='BUILDING_SYDNEY_OPERA_HOUSE';

UPDATE Buildings SET Housing=0 WHERE BuildingType='BUILDING_TEMPLE_ARTEMIS';
UPDATE Building_YieldChanges SET YieldChange=6 WHERE BuildingType='BUILDING_TEMPLE_ARTEMIS' AND YieldType='YIELD_FOOD';

DELETE FROM BuildingModifiers WHERE BuildingType='BUILDING_TORRE_DE_BELEM' AND ModifierId='TORREDEBELEM_TRADE_GOLD_LUXURIES';
INSERT INTO BuildingModifiers(BuildingType, ModifierId) VALUES
		('BUILDING_TORRE_DE_BELEM', 'TORREDEBELEM_APPEAL_GOLD_BK');
INSERT INTO Modifiers(ModifierId, ModifierType, SubjectRequirementSetId) VALUES
		('TORREDEBELEM_APPEAL_GOLD_BK', 'MODIFIER_ALL_CITIES_ATTACH_MODIFIER', 'IS_PLAYER_BK'),
		('TORREDEBELEM_APPEAL_GOLD_MODIFIER_BK', 'MODIFIER_CITY_PLOT_YIELDS_ADJUST_PLOT_YIELD', 'PLOT_BREATHTAKING_APPEAL');
INSERT INTO ModifierArguments(ModifierId, Name, Value) VALUES
		('TORREDEBELEM_APPEAL_GOLD_BK', 'ModifierId', 'TORREDEBELEM_APPEAL_GOLD_MODIFIER_BK'),
		('TORREDEBELEM_APPEAL_GOLD_BK', 'YieldType', 'YIELD_GOLD'),
		('TORREDEBELEM_APPEAL_GOLD_BK', 'Amount', 2);
		
DELETE FROM BuildingPrereqs WHERE Building='BUILDING_UNIVERSITY_SANKORE';
UPDATE Buildings SET AdjacentDistrict='DISTRICT_CAMPUS' WHERE BuildingType='BUILDING_UNIVERSITY_SANKORE';