-- === Loyalty Adjustments ===
UPDATE ModifierArguments SET Value='3' WHERE ModifierId='LIMITANEI_GARRISONIDENTITY' AND Name='Amount';
UPDATE ModifierArguments SET Value='6' WHERE ModifierId='MARTIALLAW_GARRISONIDENTITY' AND Name='Amount';

UPDATE ModifierArguments SET Value='4' WHERE ModifierId='PRAETORIUM_GOVERNORIDENTITY' AND Name='Amount';

INSERT INTO PolicyModifiers (PolicyType, ModifierId) VALUES
	('POLICY_COMMUNICATIONS_OFFICE', 'COMMUNICATIONS_OFFICE_GOVERNOR_IDENTITY_BK82');
INSERT INTO Modifiers(ModifierId, ModifierType, SubjectRequirementSetId) VALUES
	('COMMUNICATIONS_OFFICE_GOVERNOR_IDENTITY_BK82', 'MODIFIER_PLAYER_CITIES_ADJUST_IDENTITY_PER_TURN', 'CITY_HAS_ASSIGNED_GOVERNOR');
INSERT INTO ModifierArguments(ModifierId, Name, Value) VALUES
	('COMMUNICATIONS_OFFICE_GOVERNOR_IDENTITY_BK82', 'Amount', 2);
	
UPDATE Modifiers SET SubjectRequirementSetId='CITY_HAS_ASSIGNED_GOVERNOR' WHERE ModifierId='CIVILPRESTIGE_GOVAMENITY';
UPDATE Modifiers SET SubjectRequirementSetId='CITY_HAS_ASSIGNED_GOVERNOR' WHERE ModifierId='CIVILPRESTIGE_GOVHOUSING';

INSERT INTO PolicyModifiers (PolicyType, ModifierId) VALUES
	('POLICY_PROPAGANDA', 'RETAINERS_AMENITYBONUS');

UPDATE ModifierArguments SET Value='-2' WHERE ModifierId='MUSIC_CENSORSHIP_AMENITY_LOSS' AND Name='Amount';


-- === Defense Adjustments ===
INSERT INTO Types(Type, Kind) VALUES
	('MODIFIER_ADJUST_ATTACKER_STRENGTH_BK82', 'KIND_MODIFIER');
INSERT INTO DynamicModifiers(ModifierType, CollectionType, EffectType) VALUES
	('MODIFIER_ADJUST_ATTACKER_STRENGTH_BK82', 'COLLECTION_PLAYER_COMBAT', 'EFFECT_ADJUST_PLAYER_STRENGTH_MODIFIER');
DELETE FROM PolicyModifiers WHERE PolicyType = 'POLICY_BASTIONS' AND ModifierId = 'BASTIONS_RANGEDSTRIKE';
INSERT INTO PolicyModifiers(PolicyType, ModifierId) VALUES
	('POLICY_BASTIONS', 'BASTIONS_RANGEDSTRIKE_BK82');
INSERT INTO Modifiers(ModifierId, ModifierType, SubjectRequirementSetId) VALUES
	('BASTIONS_RANGEDSTRIKE_BK82', 'MODIFIER_ADJUST_ATTACKER_STRENGTH_BK82', 'IS_RANGEDSTRIKE_BK82');
INSERT INTO ModifierArguments(ModifierId, Name, Value) VALUES
	('BASTIONS_RANGEDSTRIKE_BK82', 'Amount', 6);
INSERT INTO RequirementSets(RequirementSetId, RequirementSetType) VALUES
	('IS_RANGEDSTRIKE_BK82', 'REQUIREMENTSET_TEST_ALL');
INSERT INTO RequirementSetRequirements(RequirementSetId, RequirementId) VALUES
	('IS_RANGEDSTRIKE_BK82', 'REQUIRES_COMBAT_IS_CITY_STRIKE'),
	('IS_RANGEDSTRIKE_BK82', 'PLAYER_IS_ATTACKER_REQUIREMENTS');

UPDATE ModifierArguments SET Value='50' WHERE Name='Amount' AND ModifierId IN (SELECT ModifierId FROM PolicyModifiers WHERE PolicyType='POLICY_LIMES');

INSERT INTO PolicyModifiers (PolicyType, ModifierId) VALUES
	('POLICY_THIRD_ALTERNATIVE', 'THIRDALTERNATIVE_SEAPORT_CULTURE_BK82'),
	('POLICY_THIRD_ALTERNATIVE', 'THIRDALTERNATIVE_SEAPORT_GOLD_BK82');
INSERT INTO Modifiers(ModifierId, ModifierType) VALUES
	('THIRDALTERNATIVE_SEAPORT_CULTURE_BK82', 'MODIFIER_PLAYER_CITIES_ADJUST_BUILDING_YIELD_CHANGE'),
	('THIRDALTERNATIVE_SEAPORT_GOLD_BK82', 'MODIFIER_PLAYER_CITIES_ADJUST_BUILDING_YIELD_CHANGE');
INSERT INTO ModifierArguments(ModifierId, Name, Value) VALUES
	('THIRDALTERNATIVE_SEAPORT_CULTURE_BK82', 'BuildingType', 'BUILDING_SEAPORT'),
	('THIRDALTERNATIVE_SEAPORT_CULTURE_BK82', 'YieldType', 'YIELD_CULTURE'),
	('THIRDALTERNATIVE_SEAPORT_CULTURE_BK82', 'Amount', 2),
	('THIRDALTERNATIVE_SEAPORT_GOLD_BK82', 'BuildingType', 'BUILDING_SEAPORT'),
	('THIRDALTERNATIVE_SEAPORT_GOLD_BK82', 'YieldType', 'YIELD_GOLD'),
	('THIRDALTERNATIVE_SEAPORT_GOLD_BK82', 'Amount', 4);


-- === Misc Adjustments ===
UPDATE ModifierArguments SET Value='2' WHERE ModifierId='PUBLICTRANSPORT_NEIGHBORHOOD_GOLD' AND Name='Amount';

UPDATE ModifierArguments SET Value='8' WHERE ModifierId='ECOMMERCE_INTERNATIONALTRADEGOLD' AND Name='Amount';

INSERT INTO PolicyModifiers (PolicyType, ModifierId) VALUES
	('POLICY_LOGISTICS', 'LOGISTICS_MILITARY_ENGINEER_BK82');
INSERT INTO Modifiers(ModifierId, ModifierType, SubjectRequirementSetId) VALUES
	('LOGISTICS_MILITARY_ENGINEER_BK82', 'MODIFIER_PLAYER_TRAINED_UNITS_ADJUST_BUILDER_CHARGES', 'UNIT_IS_MILITARY_ENGINEER');
INSERT INTO ModifierArguments(ModifierId, Name, Value) VALUES
	('LOGISTICS_MILITARY_ENGINEER_BK82', 'Amount', 1);

INSERT INTO PolicyModifiers (PolicyType, ModifierId) VALUES
	('POLICY_MARITIME_INDUSTRIES', 'PRESSGANGS_MEDIEVAL_NAVAL_MELEE_PRODUCTION'),
	('POLICY_MARITIME_INDUSTRIES', 'PRESSGANGS_MEDIEVAL_NAVAL_RANGED_PRODUCTION'),
	('POLICY_MARITIME_INDUSTRIES', 'PRESSGANGS_MEDIEVAL_NAVAL_RAIDER_PRODUCTION');

UPDATE Modifiers SET SubjectRequirementSetId='CITY_HAS_1_SPECIALTY_DISTRICT' WHERE ModifierId='INSULAE_SPECIALTYHOUSING';
UPDATE Modifiers SET SubjectRequirementSetId='CITY_HAS_1_SPECIALTY_DISTRICT' WHERE ModifierId='LIBERALISM_SPECIALTYAMENITY';


-- === Future Civic Adjustments ===
UPDATE ModifierArguments SET Value='30' WHERE ModifierId='FUTURE_COUNTER_CULTURE_TOURISM_REDUCTION' AND Name='Modifier';
UPDATE ModifierArguments SET Value='2' WHERE ModifierId='FUTURE_COUNTER_DIPLOMATIC_FAVOR_PER_TURN' AND Name='Amount';
UPDATE ModifierArguments SET Value='6' WHERE ModifierId='FUTURE_VICTORY_DIPLOMATIC_FAVOR_PER_TURN' AND Name='Amount';

UPDATE ModifierArguments SET Value='50' WHERE ModifierId='MONASTICISM_HOLYSITE_SCIENCE' AND Name='Amount';
UPDATE ModifierArguments SET Value='10' WHERE ModifierId='INQUISITION_FRIENDLY_TERRITORY_BONUS' AND Name='Amount';
UPDATE ModifierArguments SET Value='-75' WHERE ModifierId='FLOWER_POWER_PRODUCTION_INCREASE' AND Name='Amount';
UPDATE ModifierArguments SET Value='-200' WHERE ModifierId='FLOWER_POWER_PURCHASE_INCREASE' AND Name='Amount';
UPDATE ModifierArguments SET Value='30' WHERE ModifierId='AUTOMATED_WORKFORCE_PROJECT_PRODUCTION' AND Name='Amount';
UPDATE ModifierArguments SET Value='-6' WHERE ModifierId='AUTOMATED_WORKFORCE_LOYALTY_LOSS' AND Name='Amount';
UPDATE ModifierArguments SET Value='2' WHERE ModifierId='DISINFORMATION_CAMPAIGN_BROADCAST_FAVOR' AND Name='Favor';
UPDATE ModifierArguments SET Value='-25' WHERE ModifierId='DISINFORMATION_CAMPAIGN_SCIENCE_REDUCTION' AND Name='Amount';
UPDATE ModifierArguments SET Value='-25' WHERE ModifierId='DISINFORMATION_CAMPAIGN_CULTURE_REDUCTION' AND Name='Amount';

-- === Naval Unit Production ===
UPDATE ModifierArguments SET Value = '50' WHERE Name = 'Amount' AND ModifierId IN (
	'MARITIMIEINDUSTRIES_ANCIENT_NAVAL_MELEE_PRODUCTION',
	'MARITIMIEINDUSTRIES_CLASSICAL_NAVAL_MELEE_PRODUCTION',
	'MARITIMIEINDUSTRIES_ANCIENT_NAVAL_RANGED_PRODUCTION',
	'MARITIMIEINDUSTRIES_CLASSICAL_NAVAL_RANGED_PRODUCTION',
	'MARITIMIEINDUSTRIES_ANCIENT_NAVAL_RAIDER_PRODUCTION',
	'MARITIMIEINDUSTRIES_CLASSICAL_NAVAL_RAIDER_PRODUCTION',

	'PRESSGANGS_MEDIEVAL_NAVAL_MELEE_PRODUCTION',
	'PRESSGANGS_MEDIEVAL_NAVAL_RANGED_PRODUCTION',
	'PRESSGANGS_MEDIEVAL_NAVAL_RAIDER_PRODUCTION',
	'PRESSGANGS_RENAISSANCE_NAVAL_MELEE_PRODUCTION',
	'PRESSGANGS_RENAISSANCE_NAVAL_RANGED_PRODUCTION',
	'PRESSGANGS_RENAISSANCE_NAVAL_RAIDER_PRODUCTION',
	'PRESSGANGS_INDUSTRIAL_NAVAL_MELEE_PRODUCTION',
	'PRESSGANGS_INDUSTRIAL_NAVAL_RANGED_PRODUCTION',
	'PRESSGANGS_INDUSTRIAL_NAVAL_RAIDER_PRODUCTION',

	'INTERNATIONALWATERS_MODERN_NAVAL_MELEE_PRODUCTION',
	'INTERNATIONALWATERS_MODERN_NAVAL_RANGED_PRODUCTION',
	'INTERNATIONALWATERS_MODERN_NAVAL_RAIDER_PRODUCTION',
	'INTERNATIONALWATERS_ATOMIC_NAVAL_MELEE_PRODUCTION',
	'INTERNATIONALWATERS_ATOMIC_NAVAL_RANGED_PRODUCTION',
	'INTERNATIONALWATERS_ATOMIC_NAVAL_RAIDER_PRODUCTION',
	'INTERNATIONALWATERS_INFORMATION_NAVAL_MELEE_PRODUCTION',
	'INTERNATIONALWATERS_INFORMATION_NAVAL_RANGED_PRODUCTION',
	'INTERNATIONALWATERS_INFORMATION_NAVAL_RAIDER_PRODUCTION'
);

-- === Great People Policies ===
DELETE FROM ObsoletePolicies WHERE PolicyType='POLICY_STRATEGOS';
DELETE FROM ObsoletePolicies WHERE PolicyType='POLICY_INSPIRATION';
DELETE FROM ObsoletePolicies WHERE PolicyType='POLICY_REVELATION';
DELETE FROM ObsoletePolicies WHERE PolicyType='POLICY_LITERARY_TRADITION';
DELETE FROM ObsoletePolicies WHERE PolicyType='POLICY_NAVIGATION';
DELETE FROM ObsoletePolicies WHERE PolicyType='POLICY_TRAVELING_MERCHANTS';
DELETE FROM ObsoletePolicies WHERE PolicyType='POLICY_INVENTION';
DELETE FROM ObsoletePolicies WHERE PolicyType='POLICY_FRESCOES';
DELETE FROM ObsoletePolicies WHERE PolicyType='POLICY_SYMPHONIES';
DELETE FROM ObsoletePolicies WHERE PolicyType='POLICY_MILITARY_ORGANIZATION';
DELETE FROM ObsoletePolicies WHERE PolicyType='POLICY_LAISSEZ_FAIRE';
DELETE FROM ObsoletePolicies WHERE PolicyType='POLICY_NOBEL_PRIZE';

INSERT INTO ObsoletePolicies(PolicyType, ObsoletePolicy) VALUES
	('POLICY_STRATEGOS', 'POLICY_MILITARY_ORGANIZATION'),
	('POLICY_TRAVELING_MERCHANTS', 'POLICY_LAISSEZ_FAIRE'),
	('POLICY_NAVIGATION', 'POLICY_LAISSEZ_FAIRE'),
	('POLICY_INSPIRATION', 'POLICY_NOBEL_PRIZE'),
	('POLICY_INVENTION', 'POLICY_NOBEL_PRIZE');
	
UPDATE ModifierArguments SET Value='2' WHERE ModifierId='INVENTION_GREATENGINEERPOINTS' AND Name='Amount';


-- === Nuclear Esponage Buff ===
INSERT INTO PolicyModifiers(PolicyType, ModifierId) VALUES
	('POLICY_NUCLEAR_ESPIONAGE', 'NUCLEAR_ESPIONAGE_DIPLOMATIC_FAVOR_BK82');
INSERT INTO Modifiers(ModifierId, ModifierType, SubjectRequirementSetId) VALUES
	('NUCLEAR_ESPIONAGE_DIPLOMATIC_FAVOR_BK82', 'MODIFIER_PLAYER_CITIES_ADJUST_EXTRA_FAVOR_PER_TURN', 'CITY_HAS_RESEARCH_LAB_BK82');
INSERT INTO ModifierArguments(ModifierId, Name, Value, Extra) VALUES
	('NUCLEAR_ESPIONAGE_DIPLOMATIC_FAVOR_BK82', 'Amount', 1, -1);
INSERT INTO RequirementSets(RequirementSetId, RequirementSetType) VALUES
	('CITY_HAS_RESEARCH_LAB_BK82', 'REQUIREMENTSET_TEST_ALL');
INSERT INTO RequirementSetRequirements(RequirementSetId, RequirementId) VALUES
	('CITY_HAS_RESEARCH_LAB_BK82', 'REQUIRES_CITY_HAS_RESEARCH_LAB_BK82');
INSERT INTO Requirements(RequirementId, RequirementType) VALUES
	('REQUIRES_CITY_HAS_RESEARCH_LAB_BK82', 'REQUIREMENT_CITY_HAS_BUILDING');
INSERT INTO RequirementArguments(RequirementId, Name, Value) VALUES
	('REQUIRES_CITY_HAS_RESEARCH_LAB_BK82', 'BuildingType', 'BUILDING_RESEARCH_LAB');

	
-- === Sports Media Buff ===
INSERT INTO PolicyModifiers(PolicyType, ModifierId) VALUES
	('POLICY_SPORTS_MEDIA', 'SPORTSMEDIA_AQUATICSENTERTAINMENT_BK82');
INSERT INTO Modifiers(ModifierId, ModifierType, SubjectRequirementSetId) VALUES
	('SPORTSMEDIA_AQUATICSENTERTAINMENT_BK82', 'MODIFIER_PLAYER_CITIES_ADJUST_POLICY_AMENITY', 'CITY_HAS_AQUATICS_CENTER_BK82');
INSERT INTO ModifierArguments(ModifierId, Name, Value, Extra) VALUES
	('SPORTSMEDIA_AQUATICSENTERTAINMENT_BK82', 'Amount', 1, -1);
INSERT INTO RequirementSets(RequirementSetId, RequirementSetType) VALUES
	('CITY_HAS_AQUATICS_CENTER_BK82', 'REQUIREMENTSET_TEST_ALL');
INSERT INTO RequirementSetRequirements(RequirementSetId, RequirementId) VALUES
	('CITY_HAS_AQUATICS_CENTER_BK82', 'REQUIRES_CITY_HAS_AQUATICS_CENTER_BK82');
INSERT INTO Requirements(RequirementId, RequirementType) VALUES
	('REQUIRES_CITY_HAS_AQUATICS_CENTER_BK82', 'REQUIREMENT_CITY_HAS_BUILDING');
INSERT INTO RequirementArguments(RequirementId, Name, Value) VALUES
	('REQUIRES_CITY_HAS_AQUATICS_CENTER_BK82', 'BuildingType', 'BUILDING_AQUATICS_CENTER');


-- === Non-State Actors Buff ===
INSERT INTO PolicyModifiers(PolicyType, ModifierId) VALUES
	('POLICY_FUTURE_COUNTER_SCIENCE', 'FUTURE_COUNTER_SCIENCE_INCOMING_TRADE_GAIN_SCIENCE_BK82'),
	('POLICY_FUTURE_COUNTER_SCIENCE', 'FUTURE_COUNTER_SCIENCE_INCOMING_TRADE_GAIN_PRODUCTION_BK82'),
	('POLICY_FUTURE_COUNTER_SCIENCE', 'FUTURE_COUNTER_SCIENCE_INCOMING_TRADE_OFFER_PRODUCTION_BK82');
INSERT INTO Modifiers(ModifierId, ModifierType) VALUES
	('FUTURE_COUNTER_SCIENCE_INCOMING_TRADE_GAIN_SCIENCE_BK82', 'MODIFIER_PLAYER_CITIES_ADJUST_TRADE_ROUTE_YIELD_FROM_OTHERS'),
	('FUTURE_COUNTER_SCIENCE_INCOMING_TRADE_GAIN_PRODUCTION_BK82', 'MODIFIER_PLAYER_CITIES_ADJUST_TRADE_ROUTE_YIELD_FROM_OTHERS'),
	('FUTURE_COUNTER_SCIENCE_INCOMING_TRADE_OFFER_PRODUCTION_BK82', 'MODIFIER_PLAYER_CITIES_ADJUST_TRADE_ROUTE_YIELD_TO_OTHERS');
INSERT INTO ModifierArguments(ModifierId, Name, Value) VALUES
	('FUTURE_COUNTER_SCIENCE_INCOMING_TRADE_GAIN_SCIENCE_BK82', 'YieldType', 'YIELD_SCIENCE'),
	('FUTURE_COUNTER_SCIENCE_INCOMING_TRADE_GAIN_SCIENCE_BK82', 'Amount', 3),
	('FUTURE_COUNTER_SCIENCE_INCOMING_TRADE_GAIN_PRODUCTION_BK82', 'YieldType', 'YIELD_PRODUCTION'),
	('FUTURE_COUNTER_SCIENCE_INCOMING_TRADE_GAIN_PRODUCTION_BK82', 'Amount', 1),
	('FUTURE_COUNTER_SCIENCE_INCOMING_TRADE_OFFER_PRODUCTION_BK82', 'YieldType', 'YIELD_PRODUCTION'),
	('FUTURE_COUNTER_SCIENCE_INCOMING_TRADE_OFFER_PRODUCTION_BK82', 'Amount', 2);


-- === Hallyu Buff ===
INSERT INTO PolicyModifiers(PolicyType, ModifierId) VALUES
	('POLICY_FUTURE_VICTORY_CULTURE', 'FUTURE_VICTORY_CULTURE_INCOMING_TRADE_GAIN_CULTURE_BK82'),
	('POLICY_FUTURE_VICTORY_CULTURE', 'FUTURE_VICTORY_CULTURE_INCOMING_TRADE_GAIN_FAITH_BK82'),
	('POLICY_FUTURE_VICTORY_CULTURE', 'FUTURE_VICTORY_CULTURE_INCOMING_TRADE_OFFER_FAITH_BK82');
INSERT INTO Modifiers(ModifierId, ModifierType) VALUES
	('FUTURE_VICTORY_CULTURE_INCOMING_TRADE_GAIN_CULTURE_BK82', 'MODIFIER_PLAYER_CITIES_ADJUST_TRADE_ROUTE_YIELD_FROM_OTHERS'),
	('FUTURE_VICTORY_CULTURE_INCOMING_TRADE_GAIN_FAITH_BK82', 'MODIFIER_PLAYER_CITIES_ADJUST_TRADE_ROUTE_YIELD_FROM_OTHERS'),
	('FUTURE_VICTORY_CULTURE_INCOMING_TRADE_OFFER_FAITH_BK82', 'MODIFIER_PLAYER_CITIES_ADJUST_TRADE_ROUTE_YIELD_TO_OTHERS');
INSERT INTO ModifierArguments(ModifierId, Name, Value) VALUES
	('FUTURE_VICTORY_CULTURE_INCOMING_TRADE_GAIN_CULTURE_BK82', 'YieldType', 'YIELD_CULTURE'),
	('FUTURE_VICTORY_CULTURE_INCOMING_TRADE_GAIN_CULTURE_BK82', 'Amount', 3),
	('FUTURE_VICTORY_CULTURE_INCOMING_TRADE_GAIN_FAITH_BK82', 'YieldType', 'YIELD_FAITH'),
	('FUTURE_VICTORY_CULTURE_INCOMING_TRADE_GAIN_FAITH_BK82', 'Amount', 1),
	('FUTURE_VICTORY_CULTURE_INCOMING_TRADE_OFFER_FAITH_BK82', 'YieldType', 'YIELD_FAITH'),
	('FUTURE_VICTORY_CULTURE_INCOMING_TRADE_OFFER_FAITH_BK82', 'Amount', 2);
