DELETE FROM BuildingPrereqs WHERE Building='BUILDING_AMUNDSEN_SCOTT_RESEARCH_STATION';
UPDATE Buildings SET AdjacentDistrict='DISTRICT_CAMPUS' WHERE BuildingType='BUILDING_AMUNDSEN_SCOTT_RESEARCH_STATION';

UPDATE Buildings SET RequiresRiver=0 WHERE BuildingType='BUILDING_BIOSPHERE';
UPDATE ModifierArguments SET Value=100 WHERE ModifierId='BIOSPHERE_MODIFIED_FREE_POWER' AND Name='Amount';

INSERT INTO BuildingModifiers(BuildingType, ModifierId) VALUES
	('BUILDING_BOLSHOI_THEATRE', 'BOLSHOI_THEATRE_GREAT_MUSICIAN_BK82');
INSERT INTO Modifiers(ModifierId, ModifierType) VALUES
	('BOLSHOI_THEATRE_GREAT_MUSICIAN_BK82', 'MODIFIER_SINGLE_CITY_GRANT_GREAT_PERSON_CLASS_IN_CITY');
INSERT INTO ModifierArguments(ModifierId, Name, Value) VALUES
	('BOLSHOI_THEATRE_GREAT_MUSICIAN_BK82', 'GreatPersonClassType', 'GREAT_PERSON_CLASS_MUSICIAN'),
	('BOLSHOI_THEATRE_GREAT_MUSICIAN_BK82', 'Amount', 1);

UPDATE Modifiers SET SubjectRequirementSetId='IS_PLAYER_BK82' WHERE ModifierId='CHICHEN_ITZA_JUNGLE_PRODUCTION';
INSERT INTO RequirementSets(RequirementSetId, RequirementSetType) VALUES
	('IS_PLAYER_BK82', 'REQUIREMENTSET_TEST_ALL');
INSERT INTO RequirementSetRequirements(RequirementSetId, RequirementId) VALUES
	('IS_PLAYER_BK82', 'REQUIRES_PLAYER');

INSERT INTO BuildingModifiers(BuildingType, ModifierId) VALUES
	('BUILDING_COLOSSUS', 'COLOSSUS_MORETRADEROUTE_BK82');
INSERT INTO Modifiers(ModifierId, ModifierType, SubjectRequirementSetId) VALUES
	('COLOSSUS_MORETRADEROUTE_BK82', 'MODIFIER_ALL_CITIES_ATTACH_MODIFIER', 'CITY_HAS_MARKET_AND_LIGHTHOUSE_BK82'),
	('COLOSSUS_MORETRADEROUTE_MODIFIER_BK82', 'MODIFIER_PLAYER_ADJUST_TRADE_ROUTE_CAPACITY', NULL);
INSERT INTO ModifierArguments(ModifierId, Name, Value) VALUES
	('COLOSSUS_MORETRADEROUTE_BK82', 'ModifierId', 'COLOSSUS_MORETRADEROUTE_MODIFIER_BK82'),
	('COLOSSUS_MORETRADEROUTE_MODIFIER_BK82', 'Amount', 1);
INSERT INTO RequirementSets(RequirementSetId, RequirementSetType) VALUES
	('CITY_HAS_MARKET_AND_LIGHTHOUSE_BK82', 'REQUIREMENTSET_TEST_ALL');
INSERT INTO RequirementSetRequirements(RequirementSetId, RequirementId) VALUES
	('CITY_HAS_MARKET_AND_LIGHTHOUSE_BK82', 'REQUIRES_CITY_HAS_MARKET_BK82'),
	('CITY_HAS_MARKET_AND_LIGHTHOUSE_BK82', 'REQUIRES_CITY_HAS_LIGHTHOUSE_BK82');
INSERT INTO Requirements(RequirementId, RequirementType, Inverse) VALUES
	('REQUIRES_CITY_HAS_MARKET_BK82', 'REQUIREMENT_CITY_HAS_BUILDING', 0),
	('REQUIRES_CITY_HAS_LIGHTHOUSE_BK82', 'REQUIREMENT_CITY_HAS_BUILDING', 0);
INSERT INTO RequirementArguments(RequirementId, Name, Value) VALUES
	('REQUIRES_CITY_HAS_MARKET_BK82', 'BuildingType', 'BUILDING_MARKET'),
	('REQUIRES_CITY_HAS_MARKET_BK82', 'MustBeFunctioning', 1),
	('REQUIRES_CITY_HAS_LIGHTHOUSE_BK82', 'BuildingType', 'BUILDING_LIGHTHOUSE'),
	('REQUIRES_CITY_HAS_LIGHTHOUSE_BK82', 'MustBeFunctioning', 1);

UPDATE ModifierArguments SET Value=1 WHERE ModifierId='ETEMENANKI_SCIENCE_MARSH' AND Name='Amount';

DELETE FROM BuildingPrereqs WHERE Building='BUILDING_GREAT_LIGHTHOUSE';
UPDATE Buildings SET AdjacentDistrict='DISTRICT_HARBOR' WHERE BuildingType='BUILDING_GREAT_LIGHTHOUSE';
INSERT INTO BuildingModifiers(BuildingType, ModifierId) VALUES
	('BUILDING_GREAT_LIGHTHOUSE', 'GREATLIGHTHOUSE_ADJUST_GREATADMIRAL_MOVEMENT_BK82'),
	('BUILDING_GREAT_LIGHTHOUSE', 'COLOSSUS_ADDTRADEROUTE');
INSERT INTO Modifiers(ModifierId, ModifierType, SubjectRequirementSetId) VALUES
	('GREATLIGHTHOUSE_ADJUST_GREATADMIRAL_MOVEMENT_BK82', 'MODIFIER_PLAYER_UNITS_GRANT_ABILITY', 'UNIT_IS_GREAT_ADMIRAL_BK82');
INSERT INTO ModifierArguments(ModifierId, Name, Value) VALUES
	('GREATLIGHTHOUSE_ADJUST_GREATADMIRAL_MOVEMENT_BK82', 'AbilityType', 'ABILITY_GREATLIGHTHOUSE_GREATADMIRAL_MOVEMENT_BK82');
INSERT INTO RequirementSets(RequirementSetId, RequirementSetType) VALUES
	('UNIT_IS_GREAT_ADMIRAL_BK82', 'REQUIREMENTSET_TEST_ALL');
INSERT INTO RequirementSetRequirements(RequirementSetId, RequirementId) VALUES
	('UNIT_IS_GREAT_ADMIRAL_BK82', 'REQUIRES_UNIT_IS_GREAT_ADMIRAL_BK82');
INSERT INTO Requirements(RequirementId, RequirementType, Inverse) VALUES
	('REQUIRES_UNIT_IS_GREAT_ADMIRAL_BK82', 'REQUIREMENT_UNIT_TYPE_MATCHES', 0);
INSERT INTO RequirementArguments(RequirementId, Name, Value) VALUES
	('REQUIRES_UNIT_IS_GREAT_ADMIRAL_BK82', 'UnitType', 'UNIT_GREAT_ADMIRAL');
	
INSERT INTO Types (Type, Kind) VALUES
	('ABILITY_GREATLIGHTHOUSE_GREATADMIRAL_MOVEMENT_BK82', 'KIND_ABILITY');
INSERT INTO TypeTags (Type, Tag) VALUES
	('ABILITY_GREATLIGHTHOUSE_GREATADMIRAL_MOVEMENT_BK82', 'CLASS_LANDCIVILIAN');
INSERT INTO UnitAbilities (UnitAbilityType, Name, Description, Inactive) VALUES
	('ABILITY_GREATLIGHTHOUSE_GREATADMIRAL_MOVEMENT_BK82', 'LOC_ABILITY_GREATLIGHTHOUSE_GREATADMIRAL_MOVEMENT_BK82_NAME', 'LOC_ABILITY_GREATLIGHTHOUSE_GREATADMIRAL_MOVEMENT_BK82_DESCRIPTION', 1);
INSERT INTO UnitAbilityModifiers (UnitAbilityType, ModifierId) VALUES
	('ABILITY_GREATLIGHTHOUSE_GREATADMIRAL_MOVEMENT_BK82', 'GREATLIGHTHOUSE_GREATADMIRAL_MOVEMENT_BK82');
INSERT INTO Modifiers (ModifierId, ModifierType) VALUES
	('GREATLIGHTHOUSE_GREATADMIRAL_MOVEMENT_BK82', 'MODIFIER_PLAYER_UNIT_ADJUST_MOVEMENT');
INSERT INTO ModifierArguments (ModifierId, Name, Value) VALUES
	('GREATLIGHTHOUSE_GREATADMIRAL_MOVEMENT_BK82', 'Amount', 2);
	
INSERT INTO BuildingModifiers(BuildingType, ModifierId) VALUES
	('BUILDING_HERMITAGE', 'HERMITAGE_SCULPTURE_CULTURE_BK82'),
	('BUILDING_HERMITAGE', 'HERMITAGE_SCULPTURE_PORTRAIT_BK82'),
	('BUILDING_HERMITAGE', 'HERMITAGE_SCULPTURE_LANDSCAPE_BK82'),
	('BUILDING_HERMITAGE', 'HERMITAGE_SCULPTURE_RELIGIOUS_BK82');
INSERT INTO Modifiers(ModifierId, ModifierType) VALUES
	('HERMITAGE_SCULPTURE_CULTURE_BK82', 'MODIFIER_PLAYER_CITIES_ADJUST_GREATWORK_YIELD'),
	('HERMITAGE_SCULPTURE_PORTRAIT_BK82', 'MODIFIER_PLAYER_CITIES_ADJUST_GREATWORK_YIELD'),
	('HERMITAGE_SCULPTURE_LANDSCAPE_BK82', 'MODIFIER_PLAYER_CITIES_ADJUST_GREATWORK_YIELD'),
	('HERMITAGE_SCULPTURE_RELIGIOUS_BK82', 'MODIFIER_PLAYER_CITIES_ADJUST_GREATWORK_YIELD');
INSERT INTO ModifierArguments(ModifierId, Name, Value) VALUES
	('HERMITAGE_SCULPTURE_CULTURE_BK82', 'GreatWorkObjectType', 'GREATWORKOBJECT_SCULPTURE'),
	('HERMITAGE_SCULPTURE_CULTURE_BK82', 'YieldType', 'YIELD_CULTURE'),
	('HERMITAGE_SCULPTURE_CULTURE_BK82', 'YieldChange', 1),
	('HERMITAGE_SCULPTURE_PORTRAIT_BK82', 'GreatWorkObjectType', 'GREATWORKOBJECT_PORTRAIT'),
	('HERMITAGE_SCULPTURE_PORTRAIT_BK82', 'YieldType', 'YIELD_CULTURE'),
	('HERMITAGE_SCULPTURE_PORTRAIT_BK82', 'YieldChange', 1),
	('HERMITAGE_SCULPTURE_LANDSCAPE_BK82', 'GreatWorkObjectType', 'GREATWORKOBJECT_LANDSCAPE'),
	('HERMITAGE_SCULPTURE_LANDSCAPE_BK82', 'YieldType', 'YIELD_CULTURE'),
	('HERMITAGE_SCULPTURE_LANDSCAPE_BK82', 'YieldChange', 1),
	('HERMITAGE_SCULPTURE_RELIGIOUS_BK82', 'GreatWorkObjectType', 'GREATWORKOBJECT_RELIGIOUS'),
	('HERMITAGE_SCULPTURE_RELIGIOUS_BK82', 'YieldType', 'YIELD_CULTURE'),
	('HERMITAGE_SCULPTURE_RELIGIOUS_BK82', 'YieldChange', 1);

INSERT INTO BuildingModifiers(BuildingType, ModifierId) VALUES
	('BUILDING_HUEY_TEOCALLI', 'HUEY_LAKE_LOCAL_FOOD_BK82');
INSERT INTO Modifiers(ModifierId, ModifierType, SubjectRequirementSetId) VALUES
	('HUEY_LAKE_LOCAL_FOOD_BK82', 'MODIFIER_CITY_PLOT_YIELDS_ADJUST_PLOT_YIELD', 'FOODHUEY_PLOT_IS_LAKE_REQUIREMENTS');
INSERT INTO ModifierArguments(ModifierId, Name, Value) VALUES
	('HUEY_LAKE_LOCAL_FOOD_BK82', 'YieldType', 'YIELD_FOOD'),
	('HUEY_LAKE_LOCAL_FOOD_BK82', 'Amount', 1);

UPDATE Building_YieldChanges SET YieldChange=2 WHERE BuildingType='BUILDING_JEBEL_BARKAL' AND YieldType='YIELD_FAITH';
INSERT INTO Building_YieldChanges(BuildingType, YieldType, YieldChange) VALUES
	('BUILDING_JEBEL_BARKAL', 'YIELD_SCIENCE', 2);
	
UPDATE ModifierArguments SET Value='YIELD_SCIENCE,YIELD_CULTURE' WHERE ModifierId='HALICARNASSUS_MAUSOLEUM_YIELD_MODIFIER' AND Name='YieldType';
UPDATE ModifierArguments SET Value='1,1' WHERE ModifierId='HALICARNASSUS_MAUSOLEUM_YIELD_MODIFIER' AND Name='Amount';
INSERT INTO BuildingModifiers(BuildingType, ModifierId) VALUES
	('BUILDING_HALICARNASSUS_MAUSOLEUM', 'HALICARNASSUS_MAUSOLEUM_ALL_CITIES_YIELD_BK82');
INSERT INTO Modifiers(ModifierId, ModifierType, SubjectRequirementSetId) VALUES
	('HALICARNASSUS_MAUSOLEUM_ALL_CITIES_YIELD_BK82', 'MODIFIER_ALL_CITIES_ATTACH_MODIFIER', 'IS_PLAYER_BK82'),
	('HALICARNASSUS_MAUSOLEUM_ALL_CITIES_YIELD_MODIFIER_BK82', 'MODIFIER_CITY_PLOT_YIELDS_ADJUST_PLOT_YIELD', 'HALICARNASSUS_MAUSOLEUM_YIELD_MODIFIER_REQUIREMENTS');
INSERT INTO ModifierArguments(ModifierId, Name, Value) VALUES
	('HALICARNASSUS_MAUSOLEUM_ALL_CITIES_YIELD_BK82', 'ModifierId', 'HALICARNASSUS_MAUSOLEUM_ALL_CITIES_YIELD_MODIFIER_BK82'),
	('HALICARNASSUS_MAUSOLEUM_ALL_CITIES_YIELD_MODIFIER_BK82', 'YieldType', 'YIELD_FAITH'),
	('HALICARNASSUS_MAUSOLEUM_ALL_CITIES_YIELD_MODIFIER_BK82', 'Amount', '1');

UPDATE Buildings SET DefenseModifier=4 WHERE BuildingType='BUILDING_MONT_ST_MICHEL';

INSERT INTO Building_ValidTerrains(BuildingType, TerrainType) VALUES
	('BUILDING_OXFORD_UNIVERSITY', 'TERRAIN_TUNDRA'),
	('BUILDING_OXFORD_UNIVERSITY', 'TERRAIN_SNOW'),
	('BUILDING_OXFORD_UNIVERSITY', 'TERRAIN_DESERT');

INSERT INTO DistrictModifiers(DistrictType, ModifierId) VALUES
	('DISTRICT_INDUSTRIAL_ZONE', 'PANAMA_PRODUCTION_BK82'),
	('DISTRICT_HANSA', 'PANAMA_PRODUCTION_BK82'),
	('DISTRICT_OPPIDUM', 'PANAMA_PRODUCTION_BK82');
INSERT INTO Modifiers(ModifierId, ModifierType, SubjectRequirementSetId) VALUES
	('PANAMA_PRODUCTION_BK82', 'MODIFIER_PLAYER_DISTRICT_ADJUST_BASE_YIELD_CHANGE', 'PANAMA_ADJACENT_BK82');
INSERT INTO ModifierArguments(ModifierId, Name, Value) VALUES
	('PANAMA_PRODUCTION_BK82', 'YieldType', 'YIELD_PRODUCTION'),
	('PANAMA_PRODUCTION_BK82', 'Amount', 2);
INSERT INTO RequirementSets(RequirementSetId, RequirementSetType) VALUES
	('PANAMA_ADJACENT_BK82', 'REQUIREMENTSET_TEST_ALL');
INSERT INTO RequirementSetRequirements(RequirementSetId, RequirementId) VALUES
	('PANAMA_ADJACENT_BK82', 'REQUIRES_PANAMA_ADJACENT_BK82');
INSERT INTO Requirements(RequirementId, RequirementType, Inverse) VALUES
	('REQUIRES_PANAMA_ADJACENT_BK82', 'REQUIREMENT_PLOT_ADJACENT_BUILDING_TYPE_MATCHES', 0);
INSERT INTO RequirementArguments(RequirementId, Name, Value) VALUES
	('REQUIRES_PANAMA_ADJACENT_BK82', 'BuildingType', 'BUILDING_PANAMA_CANAL'),
	('REQUIRES_PANAMA_ADJACENT_BK82', 'MinRange', 1),
	('REQUIRES_PANAMA_ADJACENT_BK82', 'MaxRange', 1);
	
UPDATE ModifierArguments SET Value='YIELD_FOOD,YIELD_GOLD' WHERE ModifierId='PETRA_YIELD_MODIFIER' AND Name='YieldType';
UPDATE ModifierArguments SET Value='1,2' WHERE ModifierId='PETRA_YIELD_MODIFIER' AND Name='Amount';
INSERT INTO BuildingModifiers(BuildingType, ModifierId) VALUES
	('BUILDING_PETRA', 'PETRA_ALL_CITIES_YIELD_BK82');
INSERT INTO Modifiers(ModifierId, ModifierType, SubjectRequirementSetId) VALUES
	('PETRA_ALL_CITIES_YIELD_BK82', 'MODIFIER_ALL_CITIES_ATTACH_MODIFIER', 'IS_PLAYER_BK82'),
	('PETRA_ALL_CITIES_YIELD_MODIFIER_BK82', 'MODIFIER_CITY_PLOT_YIELDS_ADJUST_PLOT_YIELD', 'PETRA_YIELD_MODIFIER_REQUIREMENTS');
INSERT INTO ModifierArguments(ModifierId, Name, Value) VALUES
	('PETRA_ALL_CITIES_YIELD_BK82', 'ModifierId', 'PETRA_ALL_CITIES_YIELD_MODIFIER_BK82'),
	('PETRA_ALL_CITIES_YIELD_MODIFIER_BK82', 'YieldType', 'YIELD_FOOD,YIELD_PRODUCTION'),
	('PETRA_ALL_CITIES_YIELD_MODIFIER_BK82', 'Amount', '1,1');
	
UPDATE Modifiers SET SubjectRequirementSetId='IS_PLAYER_BK82' WHERE ModifierId='STBASILS_ADDFOOD';

DELETE FROM BuildingModifiers WHERE BuildingType='BUILDING_STATUE_LIBERTY' AND ModifierId='STATUELIBERTY_CITIES_ALWAYS_LOYAL';
INSERT INTO BuildingModifiers(BuildingType, ModifierId) VALUES
	('BUILDING_STATUE_LIBERTY', 'STATUE_LIBERTY_GOLDEN_AGE_IDENTITY_BK82');
INSERT INTO Modifiers(ModifierId, ModifierType, SubjectRequirementSetId) VALUES
	('STATUE_LIBERTY_GOLDEN_AGE_IDENTITY_BK82', 'MODIFIER_PLAYER_CITIES_ADJUST_IDENTITY_PER_CITIZEN', 'PLAYER_HAS_GOLDEN_AGE');
INSERT INTO ModifierArguments(ModifierId, Name, Value) VALUES
	('STATUE_LIBERTY_GOLDEN_AGE_IDENTITY_BK82', 'Amount', 0.5);
UPDATE ModifierArguments SET Value=3 WHERE ModifierId='STATUELIBERTY_DIPLOVP' AND Name='Amount';

UPDATE ModifierArguments SET Value=30 WHERE ModifierId='STAUEZEUS_ANTI_CAVALRY_PRODUCTION' AND Name='Amount';
INSERT INTO BuildingPrereqs(Building, PrereqBuilding) VALUES
	('BUILDING_STATUE_OF_ZEUS', 'BUILDING_STABLE');

UPDATE Building_GreatPersonPoints SET PointsPerTurn=7 WHERE BuildingType='BUILDING_SYDNEY_OPERA_HOUSE' AND GreatPersonClassType='GREAT_PERSON_CLASS_MUSICIAN';
UPDATE Buildings SET AdjacentDistrict='DISTRICT_THEATER' WHERE BuildingType='BUILDING_SYDNEY_OPERA_HOUSE';

UPDATE Buildings SET Housing=0 WHERE BuildingType='BUILDING_TEMPLE_ARTEMIS';
UPDATE Building_YieldChanges SET YieldChange=6 WHERE BuildingType='BUILDING_TEMPLE_ARTEMIS' AND YieldType='YIELD_FOOD';

INSERT INTO Building_ValidTerrains(BuildingType, TerrainType) VALUES
	('BUILDING_TERRACOTTA_ARMY', 'TERRAIN_TUNDRA'),
	('BUILDING_TERRACOTTA_ARMY', 'TERRAIN_SNOW'),
	('BUILDING_TERRACOTTA_ARMY', 'TERRAIN_DESERT');

DELETE FROM BuildingModifiers WHERE BuildingType='BUILDING_TORRE_DE_BELEM' AND ModifierId='TORREDEBELEM_TRADE_GOLD_LUXURIES';
INSERT INTO BuildingModifiers(BuildingType, ModifierId) VALUES
	('BUILDING_TORRE_DE_BELEM', 'TORREDEBELEM_APPEAL_GOLD_BK82');
INSERT INTO Modifiers(ModifierId, ModifierType, SubjectRequirementSetId) VALUES
	('TORREDEBELEM_APPEAL_GOLD_BK82', 'MODIFIER_ALL_CITIES_ATTACH_MODIFIER', 'IS_PLAYER_BK82'),
	('TORREDEBELEM_APPEAL_GOLD_MODIFIER_BK82', 'MODIFIER_CITY_PLOT_YIELDS_ADJUST_PLOT_YIELD', 'PLOT_BREATHTAKING_APPEAL');
INSERT INTO ModifierArguments(ModifierId, Name, Value) VALUES
	('TORREDEBELEM_APPEAL_GOLD_BK82', 'ModifierId', 'TORREDEBELEM_APPEAL_GOLD_MODIFIER_BK82'),
	('TORREDEBELEM_APPEAL_GOLD_BK82', 'YieldType', 'YIELD_GOLD'),
	('TORREDEBELEM_APPEAL_GOLD_BK82', 'Amount', 2);
	
DELETE FROM BuildingPrereqs WHERE Building='BUILDING_UNIVERSITY_SANKORE';
UPDATE Buildings SET AdjacentDistrict='DISTRICT_CAMPUS' WHERE BuildingType='BUILDING_UNIVERSITY_SANKORE';
