-- Great General --
UPDATE GreatPersonIndividuals SET ActionCharges='2' WHERE GreatPersonIndividualType='GREAT_PERSON_INDIVIDUAL_AETHELFLAED';
UPDATE ModifierArguments SET Value='3' WHERE ModifierId='GREATPERSON_AETHELFLAED_ACTIVE' AND Name='Amount';
UPDATE ModifierArguments SET Value='50' WHERE ModifierId='TIMUR_BONUS_EXPERIENCE' AND Name='Amount';
UPDATE ModifierArguments SET Value='3' WHERE ModifierId='GREATPERSON_ANA_NZINGA_ACTIVE' AND Name='Amount';

UPDATE GreatPersonIndividuals SET EraType='ERA_RENAISSANCE' WHERE GreatPersonIndividualType='GREAT_PERSON_INDIVIDUAL_DANDARA';
DELETE FROM GreatPersonIndividualBirthModifiers WHERE GreatPersonIndividualType='GREAT_PERSON_INDIVIDUAL_DANDARA';
INSERT INTO GreatPersonIndividualBirthModifiers(GreatPersonIndividualType, ModifierId) VALUES
	('GREAT_PERSON_INDIVIDUAL_DANDARA', 'GREATPERSON_COMBAT_STRENGTH_AOE_RENAISSANCE_LAND'),
	('GREAT_PERSON_INDIVIDUAL_DANDARA', 'GREATPERSON_MOVEMENT_AOE_RENAISSANCE_LAND');
	
UPDATE GreatPersonIndividuals SET ActionCharges='2' WHERE GreatPersonIndividualType='GREAT_PERSON_INDIVIDUAL_SIMON_BOLIVAR';
UPDATE ModifierArguments SET Value='6' WHERE ModifierId='GREATPERSON_SIMON_BOLIVAR_ACTIVE' AND Name='Amount';
UPDATE ModifierArguments SET Value='100' WHERE ModifierId='JOHN_MONASH_BONUS_EXPERIENCE' AND Name='Amount';

UPDATE GreatPersonIndividuals SET ActionCharges='2' WHERE GreatPersonIndividualType='GREAT_PERSON_INDIVIDUAL_MARINA_RASKOVA';
DELETE FROM GreatPersonIndividualActionModifiers WHERE GreatPersonIndividualType='GREAT_PERSON_INDIVIDUAL_MARINA_RASKOVA';
INSERT INTO GreatPersonIndividualActionModifiers(GreatPersonIndividualType, ModifierId, AttachmentTargetType) VALUES
	('GREAT_PERSON_INDIVIDUAL_MARINA_RASKOVA', 'GREATPERSON_HANGAR_BK82', 'GREAT_PERSON_ACTION_ATTACHMENT_TARGET_DISTRICT_IN_TILE'),
	('GREAT_PERSON_INDIVIDUAL_MARINA_RASKOVA', 'GREATPERSON_MARINA_RASKOVA_ACTIVE', 'GREAT_PERSON_ACTION_ATTACHMENT_TARGET_DISTRICT_IN_TILE');
INSERT INTO Modifiers(ModifierId, ModifierType, RunOnce, Permanent) VALUES
	('GREATPERSON_HANGAR_BK82', 'MODIFIER_SINGLE_CITY_GRANT_BUILDING_IN_CITY_IGNORE', '1', '1');
INSERT INTO ModifierArguments(ModifierId, Name, Value) VALUES
	('GREATPERSON_HANGAR_BK82', 'BuildingType', 'BUILDING_HANGAR');
INSERT INTO ModifierStrings(ModifierId, Context, Text) VALUES
	('GREATPERSON_HANGAR_BK82', 'Summary', 'LOC_GREATPERSON_HANGAR_BK82');
	
UPDATE GreatPersonIndividuals SET ActionCharges='2' WHERE GreatPersonIndividualType='GREAT_PERSON_INDIVIDUAL_DOUGLAS_MACARTHUR';
UPDATE ModifierArguments SET Value='20' WHERE ModifierId='GREATPERSON_DWIGHT_EISENHOWER_ACTIVE' AND Name='Amount';

INSERT INTO Types(Type, Kind) VALUES
	('ABILITY_ZHUKOV_LAND_COMBAT_BK82', 'KIND_ABILITY');
INSERT INTO TypeTags(Type, Tag) VALUES
	('ABILITY_ZHUKOV_LAND_COMBAT_BK82', 'CLASS_RECON'),
	('ABILITY_ZHUKOV_LAND_COMBAT_BK82', 'CLASS_MELEE'),
	('ABILITY_ZHUKOV_LAND_COMBAT_BK82', 'CLASS_RANGED'),
	('ABILITY_ZHUKOV_LAND_COMBAT_BK82', 'CLASS_SIEGE'),
	('ABILITY_ZHUKOV_LAND_COMBAT_BK82', 'CLASS_HEAVY_CAVALRY'),
	('ABILITY_ZHUKOV_LAND_COMBAT_BK82', 'CLASS_LIGHT_CAVALRY'),
	('ABILITY_ZHUKOV_LAND_COMBAT_BK82', 'CLASS_RANGED_CAVALRY'),
	('ABILITY_ZHUKOV_LAND_COMBAT_BK82', 'CLASS_ANTI_CAVALRY'),
	('ABILITY_ZHUKOV_LAND_COMBAT_BK82', 'CLASS_HEAVY_CHARIOT'),
	('ABILITY_ZHUKOV_LAND_COMBAT_BK82', 'CLASS_LIGHT_CHARIOT');
INSERT INTO UnitAbilities(UnitAbilityType, Name, Description, Inactive) VALUES
	('ABILITY_ZHUKOV_LAND_COMBAT_BK82', 'LOC_ABILITY_ZHUKOV_LAND_COMBAT_BK82_NAME', 'LOC_ABILITY_ZHUKOV_LAND_COMBAT_BK82_DESCRIPTION', '1');
INSERT INTO UnitAbilityModifiers(UnitAbilityType, ModifierId) VALUES
	('ABILITY_ZHUKOV_LAND_COMBAT_BK82', 'ZHUKOV_LAND_COMBAT_STRENGTH');
INSERT INTO Modifiers(ModifierId, ModifierType) VALUES
	('ZHUKOV_LAND_COMBAT_STRENGTH', 'MODIFIER_UNIT_ADJUST_COMBAT_STRENGTH');
INSERT INTO ModifierArguments(ModifierId, Name, Value) VALUES
	('ZHUKOV_LAND_COMBAT_STRENGTH', 'Amount', '3');
INSERT INTO ModifierStrings(ModifierId, Context, Text) VALUES
	('ZHUKOV_LAND_COMBAT_STRENGTH', 'Preview', 'LOC_ABILITY_ZHUKOV_LAND_COMBAT_BK82_STRENGTH_DESCRIPTION');
INSERT INTO GreatPersonIndividualActionModifiers(GreatPersonIndividualType, ModifierId, AttachmentTargetType) VALUES
	('GREAT_PERSON_INDIVIDUAL_GEORGY_ZHUKOV', 'GREATPERSON_GEORGY_ZHUKOV_COMBAT_BK82', 'GREAT_PERSON_ACTION_ATTACHMENT_TARGET_PLAYER');
INSERT INTO Modifiers(ModifierId, ModifierType, RunOnce, Permanent) VALUES
	('GREATPERSON_GEORGY_ZHUKOV_COMBAT_BK82', 'MODIFIER_PLAYER_UNITS_GRANT_ABILITY', '1', '1');
INSERT INTO ModifierArguments(ModifierId, Name, Type, Value) VALUES
	('GREATPERSON_GEORGY_ZHUKOV_COMBAT_BK82', 'AbilityType', 'ARGTYPE_IDENTITY', 'ABILITY_ZHUKOV_LAND_COMBAT_BK82');
	

UPDATE GreatPersonIndividuals SET ActionCharges='3' WHERE GreatPersonIndividualType='GREAT_PERSON_INDIVIDUAL_SUDIRMAN';
UPDATE GreatPersonIndividuals SET ActionCharges='2' WHERE GreatPersonIndividualType='GREAT_PERSON_INDIVIDUAL_VIJAYA_WIMALARATNE';



-- Great Admiral --
UPDATE ModifierArguments SET Value='50' WHERE ModifierId='HIMERIOS_BONUS_EXPERIENCE' AND Name='Amount';
UPDATE Modifiers SET SubjectRequirementSetId=NULL WHERE ModifierId='GREATPERSON_LEIF_ERIKSON_ACTIVE';
UPDATE ModifierArguments SET Value='50' WHERE ModifierId='CHING_SHIH_PLUNDER_BONUS' AND Name='Amount';

DELETE FROM GreatPersonIndividualActionModifiers WHERE GreatPersonIndividualType='GREAT_PERSON_INDIVIDUAL_HORATIO_NELSON' AND ModifierId='GREATPERSON_HORATIO_NELSON_LIGHTHOUSE';
DELETE FROM GreatPersonIndividualActionModifiers WHERE GreatPersonIndividualType='GREAT_PERSON_INDIVIDUAL_HORATIO_NELSON' AND ModifierId='GREATPERSON_HORATIO_NELSON_SHIPYARD';

UPDATE ModifierArguments SET Value='100' WHERE ModifierId='LASKARINA_BOUBOULINA_BONUS_EXPERIENCE' AND Name='Amount';

DELETE FROM GreatPersonIndividualActionModifiers WHERE GreatPersonIndividualType='GREAT_PERSON_INDIVIDUAL_FRANZ_VON_HIPPER' AND ModifierId='GREATPERSON_GRANT_1_COAL_PER_TURN';
INSERT INTO GreatPersonIndividualActionModifiers(GreatPersonIndividualType, ModifierId, AttachmentTargetType) VALUES
	('GREAT_PERSON_INDIVIDUAL_FRANZ_VON_HIPPER', 'GREATPERSON_GRANT_2_COAL_PER_TURN_BK82', 'GREAT_PERSON_ACTION_ATTACHMENT_TARGET_UNIT_GREATPERSON');
INSERT INTO Modifiers(ModifierId, ModifierType, RunOnce, Permanent) VALUES
	('GREATPERSON_GRANT_2_COAL_PER_TURN_BK82', 'MODIFIER_PLAYER_ADJUST_FREE_RESOURCE_EXTRACTION', '1', '1');
INSERT INTO ModifierArguments(ModifierId, Name, Type, Value) VALUES
	('GREATPERSON_GRANT_2_COAL_PER_TURN_BK82', 'ResourceType', 'ARGTYPE_IDENTITY', 'RESOURCE_COAL'),
	('GREATPERSON_GRANT_2_COAL_PER_TURN_BK82', 'Amount', 'ARGTYPE_IDENTITY', '2');
UPDATE ModifierStrings SET Text='LOC_GREATPERSON_FRANZ_VON_HIPPER_ACTIVE_BK82' WHERE ModifierId='GREATPERSON_FRANZ_VON_HIPPER_ACTIVE';
	
INSERT INTO GreatPersonIndividualActionModifiers(GreatPersonIndividualType, ModifierId, AttachmentTargetType) VALUES
	('GREAT_PERSON_INDIVIDUAL_JOAQUIM_MARQUES_LISBOA', 'GREATPERSON_GOVERNOR_POINTS', 'GREAT_PERSON_ACTION_ATTACHMENT_TARGET_PLAYER');

DELETE FROM GreatPersonIndividualActionModifiers WHERE GreatPersonIndividualType='GREAT_PERSON_INDIVIDUAL_TOGO_HEIHACHIRO';
INSERT INTO GreatPersonIndividualActionModifiers(GreatPersonIndividualType, ModifierId, AttachmentTargetType) VALUES
	('GREAT_PERSON_INDIVIDUAL_TOGO_HEIHACHIRO', 'GREATPERSON_MILITARY_POLICY_SLOT_BK82', 'GREAT_PERSON_ACTION_ATTACHMENT_TARGET_DISTRICT_IN_TILE');
INSERT INTO Modifiers(ModifierId, ModifierType, RunOnce, Permanent) VALUES
	('GREATPERSON_MILITARY_POLICY_SLOT_BK82', 'MODIFIER_PLAYER_CULTURE_ADJUST_GOVERNMENT_SLOTS_MODIFIER', '1', '1');
INSERT INTO ModifierArguments(ModifierId, Name, Type, Value) VALUES
	('GREATPERSON_MILITARY_POLICY_SLOT_BK82', 'GovernmentSlotType', 'ARGTYPE_IDENTITY', 'SLOT_MILITARY');
INSERT INTO ModifierStrings(ModifierId, Context, Text) VALUES
	('GREATPERSON_MILITARY_POLICY_SLOT_BK82', 'Summary', 'LOC_GREATPERSON_MILITARY_POLICY_SLOT_BK82');

UPDATE GreatPersonIndividuals SET ActionCharges='2' WHERE GreatPersonIndividualType='GREAT_PERSON_INDIVIDUAL_SERGEY_GORSHKOV';

DELETE FROM GreatPersonIndividualActionModifiers WHERE GreatPersonIndividualType='GREAT_PERSON_INDIVIDUAL_CLANCY_FERNANDO';
INSERT INTO GreatPersonIndividualActionModifiers(GreatPersonIndividualType, ModifierId, AttachmentTargetType) VALUES
	('GREAT_PERSON_INDIVIDUAL_CLANCY_FERNANDO', 'GREATPERSON_CLANCY_FERNANDO_ACTIVE_BK82', 'GREAT_PERSON_ACTION_ATTACHMENT_TARGET_PLAYER');
INSERT INTO Modifiers(ModifierId, ModifierType, RunOnce, Permanent) VALUES
	('GREATPERSON_CLANCY_FERNANDO_ACTIVE_BK82', 'MODIFIER_PLAYER_UNITS_ADJUST_GRANT_EXPERIENCE', '1', '1');
INSERT INTO ModifierArguments(ModifierId, Name, Type, Value) VALUES
	('GREATPERSON_CLANCY_FERNANDO_ACTIVE_BK82', 'Amount', 'ARGTYPE_IDENTITY', '-1');
INSERT INTO ModifierStrings(ModifierId, Context, Text) VALUES
	('GREATPERSON_CLANCY_FERNANDO_ACTIVE_BK82', 'Summary', 'LOC_GREATPERSON_CLANCY_FERNANDO_ACTIVE_BK82');
UPDATE GreatPersonIndividuals SET ActionRequiresMilitaryUnitDomain=NULL WHERE GreatPersonIndividualType='GREAT_PERSON_INDIVIDUAL_CLANCY_FERNANDO';
UPDATE GreatPersonIndividuals SET ActionRequiresUnitCanGainExperience='0' WHERE GreatPersonIndividualType='GREAT_PERSON_INDIVIDUAL_CLANCY_FERNANDO';



-- Great Engineer --
DELETE FROM GreatPersonIndividualActionModifiers WHERE GreatPersonIndividualType='GREAT_PERSON_INDIVIDUAL_BI_SHENG' AND ModifierId='GREATPERSON_PRINTINGTECHBOOST';
INSERT INTO GreatPersonIndividualActionModifiers(GreatPersonIndividualType, ModifierId, AttachmentTargetType) VALUES
	('GREAT_PERSON_INDIVIDUAL_BI_SHENG', 'GREATPERSON_1RENAISSANCECIVICBOOST_BK82', 'GREAT_PERSON_ACTION_ATTACHMENT_TARGET_DISTRICT_IN_TILE');
INSERT INTO Modifiers(ModifierId, ModifierType, RunOnce, Permanent) VALUES
	('GREATPERSON_1RENAISSANCECIVICBOOST_BK82', 'MODIFIER_PLAYER_GRANT_RANDOM_CIVIC_BOOST_BY_ERA', '1', '1');
INSERT INTO ModifierArguments(ModifierId, Name, Type, Value) VALUES
	('GREATPERSON_1RENAISSANCECIVICBOOST_BK82', 'StartEraType', 'ARGTYPE_IDENTITY', 'ERA_RENAISSANCE'),
	('GREATPERSON_1RENAISSANCECIVICBOOST_BK82', 'EndEraType', 'ARGTYPE_IDENTITY', 'ERA_RENAISSANCE'),
	('GREATPERSON_1RENAISSANCECIVICBOOST_BK82', 'Amount', 'ARGTYPE_IDENTITY', '1');
INSERT INTO ModifierStrings(ModifierId, Context, Text) VALUES
	('GREATPERSON_1RENAISSANCECIVICBOOST_BK82', 'Summary', 'LOC_GREATPERSON_1RENAISSANCECIVICBOOST_BK82');

DELETE FROM GreatPersonIndividualActionModifiers WHERE GreatPersonIndividualType='GREAT_PERSON_INDIVIDUAL_MIMAR_SINAN';
INSERT INTO GreatPersonIndividualActionModifiers(GreatPersonIndividualType, ModifierId, AttachmentTargetType) VALUES
	('GREAT_PERSON_INDIVIDUAL_MIMAR_SINAN', 'GREATPERSON_FAITH_200_BK82', 'GREAT_PERSON_ACTION_ATTACHMENT_TARGET_DISTRICT_IN_TILE'),
	('GREAT_PERSON_INDIVIDUAL_MIMAR_SINAN', 'GREATPERSON_CULTURE_BOMB_TRIGGER_INDUSTRIAL_ZONE', 'GREAT_PERSON_ACTION_ATTACHMENT_TARGET_DISTRICT_IN_TILE');
INSERT INTO Modifiers(ModifierId, ModifierType, RunOnce, Permanent) VALUES
	('GREATPERSON_FAITH_200_BK82', 'MODIFIER_PLAYER_GRANT_YIELD', '1', '1');
INSERT INTO ModifierArguments(ModifierId, Name, Type, Value) VALUES
	('GREATPERSON_FAITH_200_BK82', 'YieldType', 'ARGTYPE_IDENTITY', 'YIELD_FAITH'),
	('GREATPERSON_FAITH_200_BK82', 'Amount', 'ScaleByGameSpeed', '200');
INSERT INTO ModifierStrings(ModifierId, Context, Text) VALUES
	('GREATPERSON_FAITH_200_BK82', 'Summary', 'LOC_GREATPERSON_FAITH_200_BK82');
	
DELETE FROM GreatPersonIndividualActionModifiers WHERE GreatPersonIndividualType='GREAT_PERSON_INDIVIDUAL_ADA_LOVELACE' AND ModifierId='GREATPERSON_COMPUTERSTECHBOOST';
INSERT INTO GreatPersonIndividualActionModifiers(GreatPersonIndividualType, ModifierId, AttachmentTargetType) VALUES
	('GREAT_PERSON_INDIVIDUAL_ADA_LOVELACE', 'GREATPERSON_DISTRICT_PRODUCTION_BK82', 'GREAT_PERSON_ACTION_ATTACHMENT_TARGET_DISTRICT_IN_TILE');
INSERT INTO Modifiers(ModifierId, ModifierType, RunOnce, Permanent) VALUES
	('GREATPERSON_DISTRICT_PRODUCTION_BK82', 'MODIFIER_PLAYER_CITIES_ADJUST_DISTRICT_PRODUCTION_MODIFIER', '0', '1');
INSERT INTO ModifierArguments(ModifierId, Name, Type, Value) VALUES
	('GREATPERSON_DISTRICT_PRODUCTION_BK82', 'Amount', 'ARGTYPE_IDENTITY', '25');
INSERT INTO ModifierStrings(ModifierId, Context, Text) VALUES
	('GREATPERSON_DISTRICT_PRODUCTION_BK82', 'Summary', 'LOC_GREATPERSON_DISTRICT_PRODUCTION_BK82');

UPDATE GreatPersonIndividuals SET ActionCharges='2' WHERE GreatPersonIndividualType='GREAT_PERSON_INDIVIDUAL_ALVAR_AALTO';

DELETE FROM GreatPersonIndividualActionModifiers WHERE GreatPersonIndividualType='GREAT_PERSON_INDIVIDUAL_ROBERT_GODDARD';
INSERT INTO GreatPersonIndividualActionModifiers(GreatPersonIndividualType, ModifierId, AttachmentTargetType) VALUES
	('GREAT_PERSON_INDIVIDUAL_ROBERT_GODDARD', 'GREATPERSON_2ATOMICINFORMATIONTECHBOOST_BK82', 'GREAT_PERSON_ACTION_ATTACHMENT_TARGET_DISTRICT_IN_TILE'),
	('GREAT_PERSON_INDIVIDUAL_ROBERT_GODDARD', 'GREATPERSON_PROJECT_PRODUCTION_30_BK82', 'GREAT_PERSON_ACTION_ATTACHMENT_TARGET_DISTRICT_IN_TILE');
INSERT INTO Modifiers(ModifierId, ModifierType, RunOnce, Permanent) VALUES
	('GREATPERSON_2ATOMICINFORMATIONTECHBOOST_BK82', 'MODIFIER_PLAYER_GRANT_RANDOM_TECHNOLOGY_BOOST_BY_ERA', '1', '1'),
	('GREATPERSON_PROJECT_PRODUCTION_30_BK82', 'MODIFIER_PLAYER_CITIES_ADJUST_ALL_PROJECTS_PRODUCTION', '0', '1');
INSERT INTO ModifierArguments(ModifierId, Name, Type, Value) VALUES
	('GREATPERSON_2ATOMICINFORMATIONTECHBOOST_BK82', 'StartEraType', 'ARGTYPE_IDENTITY', 'ERA_ATOMIC'),
	('GREATPERSON_2ATOMICINFORMATIONTECHBOOST_BK82', 'EndEraType', 'ARGTYPE_IDENTITY', 'ERA_INFORMATION'),
	('GREATPERSON_2ATOMICINFORMATIONTECHBOOST_BK82', 'Amount', 'ARGTYPE_IDENTITY', '2'),
	('GREATPERSON_PROJECT_PRODUCTION_30_BK82', 'Amount', 'ARGTYPE_IDENTITY', '30');
INSERT INTO ModifierStrings(ModifierId, Context, Text) VALUES
	('GREATPERSON_2ATOMICINFORMATIONTECHBOOST_BK82', 'Summary', 'LOC_GREATPERSON_2ATOMICINFORMATIONTECHBOOST_BK82'),
	('GREATPERSON_PROJECT_PRODUCTION_30_BK82', 'Summary', 'LOC_GREATPERSON_PROJECT_PRODUCTION_30_BK82');
	
DELETE FROM GreatPersonIndividualActionModifiers WHERE GreatPersonIndividualType='GREAT_PERSON_INDIVIDUAL_SERGEI_KOROLEV';
INSERT INTO GreatPersonIndividualActionModifiers(GreatPersonIndividualType, ModifierId, AttachmentTargetType) VALUES
	('GREAT_PERSON_INDIVIDUAL_SERGEI_KOROLEV', 'GREATPERSON_GRANT_PRODUCTION_IN_CITY_ANY_BK82', 'GREAT_PERSON_ACTION_ATTACHMENT_TARGET_DISTRICT_IN_TILE');
INSERT INTO Modifiers(ModifierId, ModifierType, RunOnce, Permanent) VALUES
	('GREATPERSON_GRANT_PRODUCTION_IN_CITY_ANY_BK82', 'MODIFIER_SINGLE_CITY_GRANT_PRODUCTION_IN_CITY', '1', '1');
INSERT INTO ModifierArguments(ModifierId, Name, Type, Value) VALUES
	('GREATPERSON_GRANT_PRODUCTION_IN_CITY_ANY_BK82', 'Amount', 'ScaleByGameSpeed', '315'),
	('GREATPERSON_GRANT_PRODUCTION_IN_CITY_ANY_BK82', 'KeepOverflow', 'ARGTYPE_IDENTITY', '0');
INSERT INTO ModifierStrings(ModifierId, Context, Text) VALUES
	('GREATPERSON_GRANT_PRODUCTION_IN_CITY_ANY_BK82', 'Summary', 'LOC_GREATPERSON_GRANT_PRODUCTION_IN_CITY_ANY_BK82');
UPDATE GreatPersonIndividuals SET ActionRequiresCompletedDistrictType='DISTRICT_CITY_CENTER' WHERE GreatPersonIndividualType='GREAT_PERSON_INDIVIDUAL_SERGEI_KOROLEV';
UPDATE GreatPersonIndividuals SET ActionRequiresIncompleteSpaceRaceProject='0' WHERE GreatPersonIndividualType='GREAT_PERSON_INDIVIDUAL_SERGEI_KOROLEV';
UPDATE GreatPersonIndividuals SET ActionCharges='3' WHERE GreatPersonIndividualType='GREAT_PERSON_INDIVIDUAL_SERGEI_KOROLEV';
	
UPDATE GreatPersonIndividuals SET ActionCharges='2' WHERE GreatPersonIndividualType='GREAT_PERSON_INDIVIDUAL_CHARLES_CORREA';

DELETE FROM GreatPersonIndividualActionModifiers WHERE GreatPersonIndividualType='GREAT_PERSON_INDIVIDUAL_WERNHER_VON_BRAUN';
INSERT INTO GreatPersonIndividualActionModifiers(GreatPersonIndividualType, ModifierId, AttachmentTargetType) VALUES
	('GREAT_PERSON_INDIVIDUAL_WERNHER_VON_BRAUN', 'GREATPERSON_SCIENCE_MODIFIER_BK82', 'GREAT_PERSON_ACTION_ATTACHMENT_TARGET_DISTRICT_IN_TILE'),
	('GREAT_PERSON_INDIVIDUAL_WERNHER_VON_BRAUN', 'GREATPERSON_SPACE_RACE_PRODUCTION_RATE_LARGE', 'GREAT_PERSON_ACTION_ATTACHMENT_TARGET_DISTRICT_IN_TILE');
INSERT INTO Modifiers(ModifierId, ModifierType, RunOnce, Permanent) VALUES
	('GREATPERSON_SCIENCE_MODIFIER_BK82', 'MODIFIER_PLAYER_CITIES_ADJUST_CITY_YIELD_MODIFIER', '0', '1');
INSERT INTO ModifierArguments(ModifierId, Name, Type, Value) VALUES
	('GREATPERSON_SCIENCE_MODIFIER_BK82', 'Amount', 'ARGTYPE_IDENTITY', '15'),
	('GREATPERSON_SCIENCE_MODIFIER_BK82', 'YieldType', 'ARGTYPE_IDENTITY', 'YIELD_SCIENCE');
INSERT INTO ModifierStrings(ModifierId, Context, Text) VALUES
	('GREATPERSON_SCIENCE_MODIFIER_BK82', 'Summary', 'LOC_GREATPERSON_SCIENCE_MODIFIER_BK82');
	
	

-- Great Merchant --

DELETE FROM GreatPersonIndividualActionModifiers WHERE GreatPersonIndividualType='GREAT_PERSON_INDIVIDUAL_IBN_FADLAN';
INSERT INTO GreatPersonIndividualActionModifiers(GreatPersonIndividualType, ModifierId, AttachmentTargetType) VALUES
	('GREAT_PERSON_INDIVIDUAL_IBN_FADLAN', 'GREATPERSON_EXTRA_TRADE_ROUTE_CAPACITY', 'GREAT_PERSON_ACTION_ATTACHMENT_TARGET_DISTRICT_IN_TILE'),
	('GREAT_PERSON_INDIVIDUAL_IBN_FADLAN', 'GREATPERSON_FAITH_TRADE_ROUTE_BK82', 'GREAT_PERSON_ACTION_ATTACHMENT_TARGET_DISTRICT_IN_TILE'),
	('GREAT_PERSON_INDIVIDUAL_IBN_FADLAN', 'GREATPERSON_RELIGIOUS_PRESSURE_TRADE_ROUTE_BK82', 'GREAT_PERSON_ACTION_ATTACHMENT_TARGET_DISTRICT_IN_TILE');
INSERT INTO Modifiers(ModifierId, ModifierType, RunOnce, Permanent) VALUES
	('GREATPERSON_FAITH_TRADE_ROUTE_BK82', 'MODIFIER_PLAYER_ADJUST_TRADE_ROUTE_YIELD', '1', '1'),
	('GREATPERSON_RELIGIOUS_PRESSURE_TRADE_ROUTE_BK82', 'MODIFIER_PLAYER_ADJUST_TRADE_ROUTE_RELIGIOUS_PRESSURE', '1', '1');
INSERT INTO ModifierArguments(ModifierId, Name, Type, Value) VALUES
	('GREATPERSON_FAITH_TRADE_ROUTE_BK82', 'YieldType', 'ARGTYPE_IDENTITY', 'YIELD_FAITH'),
	('GREATPERSON_FAITH_TRADE_ROUTE_BK82', 'Amount', 'ARGTYPE_IDENTITY', '1'),
	('GREATPERSON_RELIGIOUS_PRESSURE_TRADE_ROUTE_BK82', 'Origin', 'ARGTYPE_IDENTITY', '0'),
	('GREATPERSON_RELIGIOUS_PRESSURE_TRADE_ROUTE_BK82', 'Destination', 'ARGTYPE_IDENTITY', '1'),
	('GREATPERSON_RELIGIOUS_PRESSURE_TRADE_ROUTE_BK82', 'Amount', 'ARGTYPE_IDENTITY', '100');
INSERT INTO ModifierStrings(ModifierId, Context, Text) VALUES
	('GREATPERSON_FAITH_TRADE_ROUTE_BK82', 'Summary', 'LOC_GREATPERSON_FAITH_TRADE_ROUTE_BK82');
	
DELETE FROM GreatPersonIndividualActionModifiers WHERE GreatPersonIndividualType='GREAT_PERSON_INDIVIDUAL_ZHOU_DAGUAN';
INSERT INTO GreatPersonIndividualActionModifiers(GreatPersonIndividualType, ModifierId, AttachmentTargetType) VALUES
	('GREAT_PERSON_INDIVIDUAL_ZHOU_DAGUAN', 'GREATPERSON_GRANT_FAVOR_50_BK82', 'GREAT_PERSON_ACTION_ATTACHMENT_TARGET_UNIT_GREATPERSON'),
	('GREAT_PERSON_INDIVIDUAL_ZHOU_DAGUAN', 'GREATPERSON_INFLUENCE_TOKENS_MEDIUM', 'GREAT_PERSON_ACTION_ATTACHMENT_TARGET_UNIT_GREATPERSON');
INSERT INTO Modifiers(ModifierId, ModifierType, RunOnce, Permanent) VALUES
	('GREATPERSON_GRANT_FAVOR_50_BK82', 'MODIFIER_PLAYER_ADD_FAVOR', '1', '1');
INSERT INTO ModifierArguments(ModifierId, Name, Type, Value) VALUES
	('GREATPERSON_GRANT_FAVOR_50_BK82', 'Amount', 'ARGTYPE_IDENTITY', '50');
INSERT INTO ModifierStrings(ModifierId, Context, Text) VALUES
	('GREATPERSON_GRANT_FAVOR_50_BK82', 'Summary', 'LOC_GREATPERSON_GRANT_FAVOR_50_BK82');

UPDATE ModifierArguments SET Value='1.5' WHERE ModifierId='GREATPERSON_DOMESTIC_ROUTE_GOLD_PER_SPECIALTY_DISTRICT' AND Name='Amount';

DELETE FROM GreatPersonIndividualActionModifiers WHERE GreatPersonIndividualType='GREAT_PERSON_INDIVIDUAL_JAKOB_FUGGER';
INSERT INTO GreatPersonIndividualActionModifiers(GreatPersonIndividualType, ModifierId, AttachmentTargetType) VALUES
	('GREAT_PERSON_INDIVIDUAL_JAKOB_FUGGER', 'GREATPERSON_GOLD_300_BK82', 'GREAT_PERSON_ACTION_ATTACHMENT_TARGET_DISTRICT_IN_TILE'),
	('GREAT_PERSON_INDIVIDUAL_JAKOB_FUGGER', 'GREATPERSON_INFLUENCE_TOKENS_MEDIUM', 'GREAT_PERSON_ACTION_ATTACHMENT_TARGET_DISTRICT_IN_TILE');
INSERT INTO Modifiers(ModifierId, ModifierType, RunOnce, Permanent) VALUES
	('GREATPERSON_GOLD_300_BK82', 'MODIFIER_PLAYER_GRANT_YIELD', '1', '1');
INSERT INTO ModifierArguments(ModifierId, Name, Type, Value) VALUES
	('GREATPERSON_GOLD_300_BK82', 'YieldType', 'ARGTYPE_IDENTITY', 'YIELD_GOLD'),
	('GREATPERSON_GOLD_300_BK82', 'Amount', 'ScaleByGameSpeed', '300');
INSERT INTO ModifierStrings(ModifierId, Context, Text) VALUES
	('GREATPERSON_GOLD_300_BK82', 'Summary', 'LOC_GREATPERSON_GOLD_300_BK82');
	
UPDATE Resources SET Happiness='6' WHERE ResourceType='RESOURCE_TOYS';

DELETE FROM GreatPersonIndividualActionModifiers WHERE GreatPersonIndividualType='GREAT_PERSON_INDIVIDUAL_ADAM_SMITH';
INSERT INTO GreatPersonIndividualActionModifiers(GreatPersonIndividualType, ModifierId, AttachmentTargetType) VALUES
	('GREAT_PERSON_INDIVIDUAL_ADAM_SMITH', 'GREATPERSON_ECONOMIC_POLICY_SLOT', 'GREAT_PERSON_ACTION_ATTACHMENT_TARGET_DISTRICT_IN_TILE');

DELETE FROM GreatPersonIndividualActionModifiers WHERE GreatPersonIndividualType='GREAT_PERSON_INDIVIDUAL_STAMFORD_RAFFLES';
INSERT INTO GreatPersonIndividualActionModifiers(GreatPersonIndividualType, ModifierId, AttachmentTargetType) VALUES
	('GREAT_PERSON_INDIVIDUAL_STAMFORD_RAFFLES', 'GREATPERSON_GOLD_LARGE', 'GREAT_PERSON_ACTION_ATTACHMENT_TARGET_UNIT_GREATPERSON'),
	('GREAT_PERSON_INDIVIDUAL_STAMFORD_RAFFLES', 'GREATPERSON_GOVERNOR_POINTS', 'GREAT_PERSON_ACTION_ATTACHMENT_TARGET_UNIT_GREATPERSON');

DELETE FROM GreatPersonIndividualActionModifiers WHERE GreatPersonIndividualType='GREAT_PERSON_INDIVIDUAL_SARAH_BREEDLOVE';
INSERT INTO GreatPersonIndividualActionModifiers(GreatPersonIndividualType, ModifierId, AttachmentTargetType) VALUES
	('GREAT_PERSON_INDIVIDUAL_SARAH_BREEDLOVE', 'GREATPERSON_EXTRA_TRADE_ROUTE_CAPACITY', 'GREAT_PERSON_ACTION_ATTACHMENT_TARGET_DISTRICT_IN_TILE'),
	('GREAT_PERSON_INDIVIDUAL_SARAH_BREEDLOVE', 'GREATPERSON_TRADE_ROUTE_TOURISM_MODIFIER', 'GREAT_PERSON_ACTION_ATTACHMENT_TARGET_DISTRICT_IN_TILE');

DELETE FROM GreatPersonIndividualActionModifiers WHERE GreatPersonIndividualType='GREAT_PERSON_INDIVIDUAL_MARY_KATHERINE_GODDARD';
INSERT INTO GreatPersonIndividualActionModifiers(GreatPersonIndividualType, ModifierId, AttachmentTargetType) VALUES
	('GREAT_PERSON_INDIVIDUAL_MARY_KATHERINE_GODDARD', 'GREATPERSON_GRANT_FAVOR_100_BK82', 'GREAT_PERSON_ACTION_ATTACHMENT_TARGET_DISTRICT_IN_TILE'),
	('GREAT_PERSON_INDIVIDUAL_MARY_KATHERINE_GODDARD', 'GREATPERSON_DIPLO_VISIBILITY', 'GREAT_PERSON_ACTION_ATTACHMENT_TARGET_DISTRICT_IN_TILE');
INSERT INTO Modifiers(ModifierId, ModifierType, RunOnce, Permanent) VALUES
	('GREATPERSON_GRANT_FAVOR_100_BK82', 'MODIFIER_PLAYER_ADD_FAVOR', '1', '1');
INSERT INTO ModifierArguments(ModifierId, Name, Type, Value) VALUES
	('GREATPERSON_GRANT_FAVOR_100_BK82', 'Amount', 'ARGTYPE_IDENTITY', '100');
INSERT INTO ModifierStrings(ModifierId, Context, Text) VALUES
	('GREATPERSON_GRANT_FAVOR_100_BK82', 'Summary', 'LOC_GREATPERSON_GRANT_FAVOR_100_BK82');
	
DELETE FROM GreatPersonIndividualActionModifiers WHERE GreatPersonIndividualType='GREAT_PERSON_INDIVIDUAL_MELITTA_BENTZ';
INSERT INTO GreatPersonIndividualActionModifiers(GreatPersonIndividualType, ModifierId, AttachmentTargetType) VALUES
	('GREAT_PERSON_INDIVIDUAL_MELITTA_BENTZ', 'GREATPERSON_FREE_TRADER_UNIT', 'GREAT_PERSON_ACTION_ATTACHMENT_TARGET_DISTRICT_IN_TILE'),
	('GREAT_PERSON_INDIVIDUAL_MELITTA_BENTZ', 'GREATPERSON_2_EXTRA_TRADE_ROUTE_CAPACITY_BK82', 'GREAT_PERSON_ACTION_ATTACHMENT_TARGET_DISTRICT_IN_TILE'),
	('GREAT_PERSON_INDIVIDUAL_MELITTA_BENTZ', 'GREATPERSON_TRADE_ROUTE_TOURISM_MODIFIER', 'GREAT_PERSON_ACTION_ATTACHMENT_TARGET_DISTRICT_IN_TILE');
INSERT INTO Modifiers(ModifierId, ModifierType, RunOnce, Permanent) VALUES
	('GREATPERSON_2_EXTRA_TRADE_ROUTE_CAPACITY_BK82', 'MODIFIER_PLAYER_ADJUST_TRADE_ROUTE_CAPACITY', '1', '1');
INSERT INTO ModifierArguments(ModifierId, Name, Type, Value) VALUES
	('GREATPERSON_2_EXTRA_TRADE_ROUTE_CAPACITY_BK82', 'Amount', 'ARGTYPE_IDENTITY', '2');
UPDATE GreatPersonIndividuals SET ActionEffectTextOverride='LOC_GREATPERSON_MELITTA_BENTZ_ACTIVE_BK82' WHERE GreatPersonIndividualType='GREAT_PERSON_INDIVIDUAL_MELITTA_BENTZ';

INSERT INTO Types(Type, Kind) VALUES
	('MODIFIER_PLAYER_CITIES_ADJUST_CITY_AMENITIES_FROM_GREAT_PEOPLE_BK82', 'KIND_MODIFIER');
INSERT INTO DynamicModifiers(ModifierType, CollectionType, EffectType) VALUES
	('MODIFIER_PLAYER_CITIES_ADJUST_CITY_AMENITIES_FROM_GREAT_PEOPLE_BK82', 'COLLECTION_PLAYER_CITIES', 'EFFECT_ADJUST_CITY_AMENITIES_FROM_GREAT_PEOPLE');

UPDATE ModifierArguments SET Value='3' WHERE ModifierId='GREATPERSON_CAMPUS_TOURISM' AND Name='Amount';
INSERT INTO GreatPersonIndividualActionModifiers(GreatPersonIndividualType, ModifierId, AttachmentTargetType) VALUES
	('GREAT_PERSON_INDIVIDUAL_JAMSETJI_TATA', 'GREATPERSON_CAMPUS_ENTERTAINMENT_BK82', 'GREAT_PERSON_ACTION_ATTACHMENT_TARGET_DISTRICT_IN_TILE');
INSERT INTO Modifiers(ModifierId, ModifierType, RunOnce, Permanent, SubjectRequirementSetId) VALUES
	('GREATPERSON_CAMPUS_ENTERTAINMENT_BK82', 'MODIFIER_PLAYER_CITIES_ADJUST_CITY_AMENITIES_FROM_GREAT_PEOPLE_BK82', '0', '1', 'CITY_HAS_CAMPUS_BK82');
INSERT INTO ModifierArguments(ModifierId, Name, Type, Value) VALUES
	('GREATPERSON_CAMPUS_ENTERTAINMENT_BK82', 'Amount', 'ARGTYPE_IDENTITY', '1');
INSERT INTO RequirementSets(RequirementSetId, RequirementSetType) VALUES
	('CITY_HAS_CAMPUS_BK82', 'REQUIREMENTSET_TEST_ALL');
INSERT INTO RequirementSetRequirements(RequirementSetId, RequirementId) VALUES
	('CITY_HAS_CAMPUS_BK82', 'REQUIRES_CITY_HAS_CAMPUS');
UPDATE GreatPersonIndividuals SET ActionEffectTextOverride='LOC_GREATPERSON_JAMSETJI_TATA_ACTIVE_BK82' WHERE GreatPersonIndividualType='GREAT_PERSON_INDIVIDUAL_JAMSETJI_TATA';

UPDATE ModifierArguments SET Value='3' WHERE ModifierId='GREATPERSON_INDUSTRIAL_ZONE_TOURISM' AND Name='Amount';
INSERT INTO GreatPersonIndividualActionModifiers(GreatPersonIndividualType, ModifierId, AttachmentTargetType) VALUES
	('GREAT_PERSON_INDIVIDUAL_MASARU_IBUKA', 'GREATPERSON_INDUSTRIAL_ZONE_ENTERTAINMENT_BK82', 'GREAT_PERSON_ACTION_ATTACHMENT_TARGET_DISTRICT_IN_TILE');
INSERT INTO Modifiers(ModifierId, ModifierType, RunOnce, Permanent, SubjectRequirementSetId) VALUES
	('GREATPERSON_INDUSTRIAL_ZONE_ENTERTAINMENT_BK82', 'MODIFIER_PLAYER_CITIES_ADJUST_CITY_AMENITIES_FROM_GREAT_PEOPLE_BK82', '0', '1', 'CITY_HAS_INDUSTRIAL_ZONE_BK82');
INSERT INTO ModifierArguments(ModifierId, Name, Type, Value) VALUES
	('GREATPERSON_INDUSTRIAL_ZONE_ENTERTAINMENT_BK82', 'Amount', 'ARGTYPE_IDENTITY', '1');
INSERT INTO RequirementSets(RequirementSetId, RequirementSetType) VALUES
	('CITY_HAS_INDUSTRIAL_ZONE_BK82', 'REQUIREMENTSET_TEST_ALL');
INSERT INTO RequirementSetRequirements(RequirementSetId, RequirementId) VALUES
	('CITY_HAS_INDUSTRIAL_ZONE_BK82', 'REQUIRES_CITY_HAS_INDUSTRIAL_ZONE');
UPDATE GreatPersonIndividuals SET ActionEffectTextOverride='LOC_GREATPERSON_MASARU_IBUKA_ACTIVE_BK82' WHERE GreatPersonIndividualType='GREAT_PERSON_INDIVIDUAL_MASARU_IBUKA';
	
	

-- Great Scientist --

DELETE FROM GreatPersonIndividualActionModifiers WHERE GreatPersonIndividualType='GREAT_PERSON_INDIVIDUAL_EUCLID';
INSERT INTO GreatPersonIndividualActionModifiers(GreatPersonIndividualType, ModifierId, AttachmentTargetType) VALUES
	('GREAT_PERSON_INDIVIDUAL_EUCLID', 'GREATPERSON_1MEDIEVALTECHBOOST', 'GREAT_PERSON_ACTION_ATTACHMENT_TARGET_DISTRICT_IN_TILE'),
	('GREAT_PERSON_INDIVIDUAL_EUCLID', 'GREATPERSON_EUCLID_CAMPUS_RIVER_ADJACENCY_BK82', 'GREAT_PERSON_ACTION_ATTACHMENT_TARGET_DISTRICT_IN_TILE');
INSERT INTO Modifiers(ModifierId, ModifierType, RunOnce, Permanent) VALUES
	('GREATPERSON_EUCLID_CAMPUS_RIVER_ADJACENCY_BK82', 'MODIFIER_PLAYER_CITIES_RIVER_ADJACENCY', '1', '1');
INSERT INTO ModifierArguments(ModifierId, Name, Type, Value) VALUES
	('GREATPERSON_EUCLID_CAMPUS_RIVER_ADJACENCY_BK82', 'Amount', 'ARGTYPE_IDENTITY', '1'),
	('GREATPERSON_EUCLID_CAMPUS_RIVER_ADJACENCY_BK82', 'Description', 'ARGTYPE_IDENTITY', 'LOC_DISTRICT_RIVER_SCIENCE'),
	('GREATPERSON_EUCLID_CAMPUS_RIVER_ADJACENCY_BK82', 'DistrictType', 'ARGTYPE_IDENTITY', 'DISTRICT_CAMPUS'),
	('GREATPERSON_EUCLID_CAMPUS_RIVER_ADJACENCY_BK82', 'YieldType', 'ARGTYPE_IDENTITY', 'YIELD_SCIENCE');
INSERT INTO ModifierStrings(ModifierId, Context, Text) VALUES
	('GREATPERSON_EUCLID_CAMPUS_RIVER_ADJACENCY_BK82', 'Summary', 'LOC_GREATPERSON_EUCLID_CAMPUS_RIVER_ADJACENCY_BK82');
UPDATE GreatPersonIndividuals SET ActionEffectTextOverride=NULL WHERE GreatPersonIndividualType='GREAT_PERSON_INDIVIDUAL_EUCLID';

UPDATE ModifierArguments SET Value='5' WHERE ModifierId='GREAT_PERSON_INDIVIDUAL_IBN_KHALDUN_EMPIRE_HAPPY_SCIENCE' AND Name='Amount';
UPDATE ModifierArguments SET Value='5' WHERE ModifierId='GREAT_PERSON_INDIVIDUAL_IBN_KHALDUN_EMPIRE_HAPPY_CULTURE' AND Name='Amount';
UPDATE ModifierArguments SET Value='5' WHERE ModifierId='GREAT_PERSON_INDIVIDUAL_IBN_KHALDUN_EMPIRE_HAPPY_PRODUCTION' AND Name='Amount';
UPDATE ModifierArguments SET Value='5' WHERE ModifierId='GREAT_PERSON_INDIVIDUAL_IBN_KHALDUN_EMPIRE_HAPPY_GOLD' AND Name='Amount';
UPDATE ModifierArguments SET Value='5' WHERE ModifierId='GREAT_PERSON_INDIVIDUAL_IBN_KHALDUN_EMPIRE_HAPPY_FAITH' AND Name='Amount';
UPDATE ModifierArguments SET Value='10' WHERE ModifierId='GREAT_PERSON_INDIVIDUAL_IBN_KHALDUN_EMPIRE_ECSTATIC_SCIENCE' AND Name='Amount';
UPDATE ModifierArguments SET Value='10' WHERE ModifierId='GREAT_PERSON_INDIVIDUAL_IBN_KHALDUN_EMPIRE_ECSTATIC_CULTURE' AND Name='Amount';
UPDATE ModifierArguments SET Value='10' WHERE ModifierId='GREAT_PERSON_INDIVIDUAL_IBN_KHALDUN_EMPIRE_ECSTATIC_PRODUCTION' AND Name='Amount';
UPDATE ModifierArguments SET Value='10' WHERE ModifierId='GREAT_PERSON_INDIVIDUAL_IBN_KHALDUN_EMPIRE_ECSTATIC_GOLD' AND Name='Amount';
UPDATE ModifierArguments SET Value='10' WHERE ModifierId='GREAT_PERSON_INDIVIDUAL_IBN_KHALDUN_EMPIRE_ECSTATIC_FAITH' AND Name='Amount';

UPDATE ModifierArguments SET Value='300' WHERE ModifierId='GREATPERSON_ADJACENT_PLAINSMOUNTAIN_SCIENCE' AND Name='Amount';
UPDATE ModifierArguments SET Value='300' WHERE ModifierId='GREATPERSON_ADJACENT_DESERTMOUNTAIN_SCIENCE' AND Name='Amount';
UPDATE ModifierArguments SET Value='300' WHERE ModifierId='GREATPERSON_ADJACENT_TUNDRAMOUNTAIN_SCIENCE' AND Name='Amount';
UPDATE ModifierArguments SET Value='300' WHERE ModifierId='GREATPERSON_ADJACENT_SNOWMOUNTAIN_SCIENCE' AND Name='Amount';
UPDATE ModifierArguments SET Value='600' WHERE ModifierId='GREATPERSON_ADJACENT_NATURALWONDER_SCIENCE' AND Name='Amount';

DELETE FROM GreatPersonIndividualActionModifiers WHERE GreatPersonIndividualType='GREAT_PERSON_INDIVIDUAL_DMITRI_MENDELEEV';
INSERT INTO GreatPersonIndividualActionModifiers(GreatPersonIndividualType, ModifierId, AttachmentTargetType) VALUES
	('GREAT_PERSON_INDIVIDUAL_DMITRI_MENDELEEV', 'GREATPERSON_DMITRI_MENDELEEV_ADJUST_TECHBOOST_BK82', 'GREAT_PERSON_ACTION_ATTACHMENT_TARGET_DISTRICT_IN_TILE');
INSERT INTO Modifiers(ModifierId, ModifierType, RunOnce, Permanent) VALUES
	('GREATPERSON_DMITRI_MENDELEEV_ADJUST_TECHBOOST_BK82', 'MODIFIER_PLAYER_ADJUST_TECHNOLOGY_BOOST', '1', '1');
INSERT INTO ModifierArguments(ModifierId, Name, Type, Value) VALUES
	('GREATPERSON_DMITRI_MENDELEEV_ADJUST_TECHBOOST_BK82', 'Amount', 'ARGTYPE_IDENTITY', '10');
INSERT INTO ModifierStrings(ModifierId, Context, Text) VALUES
	('GREATPERSON_DMITRI_MENDELEEV_ADJUST_TECHBOOST_BK82', 'Summary', 'LOC_GREATPERSON_DMITRI_MENDELEEV_ADJUST_TECHBOOST_BK82');
UPDATE GreatPersonIndividuals SET ActionEffectTextOverride=NULL WHERE GreatPersonIndividualType='GREAT_PERSON_INDIVIDUAL_DMITRI_MENDELEEV';

DELETE FROM GreatPersonIndividualActionModifiers WHERE GreatPersonIndividualType='GREAT_PERSON_INDIVIDUAL_JAMES_YOUNG';
INSERT INTO GreatPersonIndividualActionModifiers(GreatPersonIndividualType, ModifierId, AttachmentTargetType) VALUES
	('GREAT_PERSON_INDIVIDUAL_JAMES_YOUNG', 'GREATPERSON_2INDUSTRIALMODERNTECHBOOSTS', 'GREAT_PERSON_ACTION_ATTACHMENT_TARGET_DISTRICT_IN_TILE'),
	('GREAT_PERSON_INDIVIDUAL_JAMES_YOUNG', 'GREATPERSON_REVEAL_OIL', 'GREAT_PERSON_ACTION_ATTACHMENT_TARGET_DISTRICT_IN_TILE'),
	('GREAT_PERSON_INDIVIDUAL_JAMES_YOUNG', 'GREATPERSON_STRATEGIC_SCIENCE_BK82', 'GREAT_PERSON_ACTION_ATTACHMENT_TARGET_DISTRICT_IN_TILE');
INSERT INTO Modifiers(ModifierId, ModifierType, RunOnce, Permanent, SubjectRequirementSetId) VALUES
	('GREATPERSON_STRATEGIC_SCIENCE_BK82', 'MODIFIER_PLAYER_ADJUST_PLOT_YIELD', '1', '1', 'PLOT_HAS_STRATEGIC_RESOURCE_BK82');
INSERT INTO ModifierArguments(ModifierId, Name, Type, Value) VALUES
	('GREATPERSON_STRATEGIC_SCIENCE_BK82', 'Amount', 'ARGTYPE_IDENTITY', '1'),
	('GREATPERSON_STRATEGIC_SCIENCE_BK82', 'YieldType', 'ARGTYPE_IDENTITY', 'YIELD_SCIENCE');
INSERT INTO ModifierStrings(ModifierId, Context, Text) VALUES
	('GREATPERSON_STRATEGIC_SCIENCE_BK82', 'Summary', 'LOC_GREATPERSON_STRATEGIC_SCIENCE_BK82');
INSERT INTO RequirementSets(RequirementSetId, RequirementSetType) VALUES
	('PLOT_HAS_STRATEGIC_RESOURCE_BK82', 'REQUIREMENTSET_TEST_ALL');
INSERT INTO RequirementSetRequirements(RequirementSetId, RequirementId) VALUES
	('PLOT_HAS_STRATEGIC_RESOURCE_BK82', 'REQUIRES_PLOT_HAS_VISIBLE_RESOURCE'),
	('PLOT_HAS_STRATEGIC_RESOURCE_BK82', 'REQUIRES_PLOT_HAS_STRATEGIC');

DELETE FROM GreatPersonIndividualActionModifiers WHERE GreatPersonIndividualType='GREAT_PERSON_INDIVIDUAL_ALAN_TURING';
INSERT INTO GreatPersonIndividualActionModifiers(GreatPersonIndividualType, ModifierId, AttachmentTargetType) VALUES
	('GREAT_PERSON_INDIVIDUAL_ALAN_TURING', 'GREATPERSON_ALAN_TURING_DISTRICTS_SCIENCE_BONUS_BK82', 'GREAT_PERSON_ACTION_ATTACHMENT_TARGET_DISTRICT_IN_TILE');
INSERT INTO Modifiers(ModifierId, ModifierType, RunOnce, Permanent, SubjectRequirementSetId) VALUES
	('GREATPERSON_ALAN_TURING_DISTRICTS_SCIENCE_BONUS_BK82', 'MODIFIER_PLAYER_DISTRICTS_ADJUST_YIELD_CHANGE', '1', '1', 'DISTRICT_IS_SPECIALTY_DISTRICT_BK82');
INSERT INTO ModifierArguments(ModifierId, Name, Type, Value) VALUES
	('GREATPERSON_ALAN_TURING_DISTRICTS_SCIENCE_BONUS_BK82', 'Amount', 'ARGTYPE_IDENTITY', '1'),
	('GREATPERSON_ALAN_TURING_DISTRICTS_SCIENCE_BONUS_BK82', 'YieldType', 'ARGTYPE_IDENTITY', 'YIELD_SCIENCE');
INSERT INTO ModifierStrings(ModifierId, Context, Text) VALUES
	('GREATPERSON_ALAN_TURING_DISTRICTS_SCIENCE_BONUS_BK82', 'Summary', 'LOC_GREATPERSON_ALAN_TURING_DISTRICTS_SCIENCE_BONUS_BK82');
UPDATE GreatPersonIndividuals SET ActionEffectTextOverride=NULL WHERE GreatPersonIndividualType='GREAT_PERSON_INDIVIDUAL_ALAN_TURING';

UPDATE ModifierArguments SET Value='600' WHERE ModifierId='GREATPERSON_ADJACENT_RAINFOREST_SCIENCE' AND Name='Amount';
UPDATE ModifierArguments SET Value='600' WHERE ModifierId='GREATPERSON_ARTIFACT_SCIENCE' AND Name='Amount';
UPDATE ModifierArguments SET Value='1500' WHERE ModifierId='GREAT_PERSON_GRANT_LOTSO_SCIENCE' AND Name='Amount';
UPDATE ModifierArguments SET Value='1500' WHERE ModifierId='GREAT_PERSON_GRANT_LOTSO_CULTURE' AND Name='Amount';

DELETE FROM GreatPersonIndividualActionModifiers WHERE GreatPersonIndividualType='GREAT_PERSON_INDIVIDUAL_CARL_SAGAN';
INSERT INTO GreatPersonIndividualActionModifiers(GreatPersonIndividualType, ModifierId, AttachmentTargetType) VALUES
	('GREAT_PERSON_INDIVIDUAL_CARL_SAGAN', 'GREATPERSON_SCIENCE_MODIFIER_BK82', 'GREAT_PERSON_ACTION_ATTACHMENT_TARGET_DISTRICT_IN_TILE'),
	('GREAT_PERSON_INDIVIDUAL_CARL_SAGAN', 'GREATPERSON_SPACE_RACE_PRODUCTION_RATE_LARGE', 'GREAT_PERSON_ACTION_ATTACHMENT_TARGET_DISTRICT_IN_TILE');
UPDATE GreatPersonIndividuals SET ActionRequiresIncompleteSpaceRaceProject='0' WHERE GreatPersonIndividualType='GREAT_PERSON_INDIVIDUAL_CARL_SAGAN';

DELETE FROM GreatPersonIndividualActionModifiers WHERE GreatPersonIndividualType='GREAT_PERSON_INDIVIDUAL_STEPHANIE_KWOLEK';
INSERT INTO GreatPersonIndividualActionModifiers(GreatPersonIndividualType, ModifierId, AttachmentTargetType) VALUES
	('GREAT_PERSON_INDIVIDUAL_STEPHANIE_KWOLEK', 'GREATPERSON_SCIENCE_MODIFIER_BK82', 'GREAT_PERSON_ACTION_ATTACHMENT_TARGET_DISTRICT_IN_TILE'),
	('GREAT_PERSON_INDIVIDUAL_STEPHANIE_KWOLEK', 'GREATPERSON_SPACE_RACE_PRODUCTION_RATE_LARGE', 'GREAT_PERSON_ACTION_ATTACHMENT_TARGET_DISTRICT_IN_TILE');
