INSERT INTO Types(Type, Kind) VALUES
	('POLICY_SIEGE', 'KIND_POLICY'),
	('POLICY_TRENCH_WARFARE', 'KIND_POLICY');
INSERT INTO Policies(PolicyType, Name, Description, PrereqCivic, GovernmentSlotType) VALUES
	('POLICY_SIEGE', 'LOC_POLICY_SIEGE_NAME', 'LOC_POLICY_SIEGE_DESCRIPTION', 'CIVIC_NAVAL_TRADITION', 'SLOT_MILITARY'),
	('POLICY_TRENCH_WARFARE', 'LOC_POLICY_TRENCH_WARFARE_NAME', 'LOC_POLICY_TRENCH_WARFARE_DESCRIPTION', 'CIVIC_SCORCHED_EARTH', 'SLOT_MILITARY');
INSERT INTO ObsoletePolicies(PolicyType, ObsoletePolicy) VALUES
	('POLICY_SIEGE', 'POLICY_TRENCH_WARFARE');
INSERT INTO PolicyModifiers (PolicyType, ModifierId) VALUES
	('POLICY_SIEGE', 'SIEGE_ANCIENT_SIEGE_PRODUCTION'),
	('POLICY_SIEGE', 'SIEGE_CLASSICAL_SIEGE_PRODUCTION'),
	('POLICY_SIEGE', 'SIEGE_MEDIEVAL_SIEGE_PRODUCTION'),
	('POLICY_SIEGE', 'SIEGE_RENAISSANCE_SIEGE_PRODUCTION'),
	('POLICY_TRENCH_WARFARE', 'SIEGE_ANCIENT_SIEGE_PRODUCTION'),
	('POLICY_TRENCH_WARFARE', 'SIEGE_CLASSICAL_SIEGE_PRODUCTION'),
	('POLICY_TRENCH_WARFARE', 'SIEGE_MEDIEVAL_SIEGE_PRODUCTION'),
	('POLICY_TRENCH_WARFARE', 'SIEGE_RENAISSANCE_SIEGE_PRODUCTION'),
	('POLICY_TRENCH_WARFARE', 'TRENCH_WARFARE_INDUSTRIAL_SIEGE_PRODUCTION'),
	('POLICY_TRENCH_WARFARE', 'TRENCH_WARFARE_MODERN_SIEGE_PRODUCTION'),
	('POLICY_TRENCH_WARFARE', 'TRENCH_WARFARE_ATOMIC_SIEGE_PRODUCTION'),
	('POLICY_TRENCH_WARFARE', 'TRENCH_WARFARE_INFORMATION_SIEGE_PRODUCTION');
INSERT INTO Modifiers(ModifierId, ModifierType) VALUES
	('SIEGE_ANCIENT_SIEGE_PRODUCTION', 'MODIFIER_PLAYER_CITIES_ADJUST_UNIT_TAG_ERA_PRODUCTION'),
	('SIEGE_CLASSICAL_SIEGE_PRODUCTION', 'MODIFIER_PLAYER_CITIES_ADJUST_UNIT_TAG_ERA_PRODUCTION'),
	('SIEGE_MEDIEVAL_SIEGE_PRODUCTION', 'MODIFIER_PLAYER_CITIES_ADJUST_UNIT_TAG_ERA_PRODUCTION'),
	('SIEGE_RENAISSANCE_SIEGE_PRODUCTION', 'MODIFIER_PLAYER_CITIES_ADJUST_UNIT_TAG_ERA_PRODUCTION'),
	('TRENCH_WARFARE_INDUSTRIAL_SIEGE_PRODUCTION', 'MODIFIER_PLAYER_CITIES_ADJUST_UNIT_TAG_ERA_PRODUCTION'),
	('TRENCH_WARFARE_MODERN_SIEGE_PRODUCTION', 'MODIFIER_PLAYER_CITIES_ADJUST_UNIT_TAG_ERA_PRODUCTION'),
	('TRENCH_WARFARE_ATOMIC_SIEGE_PRODUCTION', 'MODIFIER_PLAYER_CITIES_ADJUST_UNIT_TAG_ERA_PRODUCTION'),
	('TRENCH_WARFARE_INFORMATION_SIEGE_PRODUCTION', 'MODIFIER_PLAYER_CITIES_ADJUST_UNIT_TAG_ERA_PRODUCTION');
INSERT INTO ModifierArguments(ModifierId, Name, Value, Extra) VALUES
	('SIEGE_ANCIENT_SIEGE_PRODUCTION', 'UnitPromotionClass', 'PROMOTION_CLASS_SIEGE', -1 ),
	('SIEGE_ANCIENT_SIEGE_PRODUCTION', 'EraType', 'ERA_ANCIENT', -1 ),
	('SIEGE_ANCIENT_SIEGE_PRODUCTION', 'Amount', 50, -1),
	('SIEGE_CLASSICAL_SIEGE_PRODUCTION', 'UnitPromotionClass', 'PROMOTION_CLASS_SIEGE', -1 ),
	('SIEGE_CLASSICAL_SIEGE_PRODUCTION', 'EraType', 'ERA_CLASSICAL', -1 ),
	('SIEGE_CLASSICAL_SIEGE_PRODUCTION', 'Amount', 50, -1),
	('SIEGE_MEDIEVAL_SIEGE_PRODUCTION', 'UnitPromotionClass', 'PROMOTION_CLASS_SIEGE', -1 ),
	('SIEGE_MEDIEVAL_SIEGE_PRODUCTION', 'EraType', 'ERA_MEDIEVAL', -1 ),
	('SIEGE_MEDIEVAL_SIEGE_PRODUCTION', 'Amount', 50, -1),
	('SIEGE_RENAISSANCE_SIEGE_PRODUCTION', 'UnitPromotionClass', 'PROMOTION_CLASS_SIEGE', -1 ),
	('SIEGE_RENAISSANCE_SIEGE_PRODUCTION', 'EraType', 'ERA_RENAISSANCE', -1 ),
	('SIEGE_RENAISSANCE_SIEGE_PRODUCTION', 'Amount', 50, -1),	
	('TRENCH_WARFARE_INDUSTRIAL_SIEGE_PRODUCTION', 'UnitPromotionClass', 'PROMOTION_CLASS_SIEGE', -1 ),
	('TRENCH_WARFARE_INDUSTRIAL_SIEGE_PRODUCTION', 'EraType', 'ERA_INDUSTRIAL', -1 ),
	('TRENCH_WARFARE_INDUSTRIAL_SIEGE_PRODUCTION', 'Amount', 50, -1),
	('TRENCH_WARFARE_MODERN_SIEGE_PRODUCTION', 'UnitPromotionClass', 'PROMOTION_CLASS_SIEGE', -1 ),
	('TRENCH_WARFARE_MODERN_SIEGE_PRODUCTION', 'EraType', 'ERA_MODERN', -1 ),
	('TRENCH_WARFARE_MODERN_SIEGE_PRODUCTION', 'Amount', 50, -1),	
	('TRENCH_WARFARE_ATOMIC_SIEGE_PRODUCTION', 'UnitPromotionClass', 'PROMOTION_CLASS_SIEGE', -1 ),
	('TRENCH_WARFARE_ATOMIC_SIEGE_PRODUCTION', 'EraType', 'ERA_ATOMIC', -1 ),
	('TRENCH_WARFARE_ATOMIC_SIEGE_PRODUCTION', 'Amount', 50, -1),
	('TRENCH_WARFARE_INFORMATION_SIEGE_PRODUCTION', 'UnitPromotionClass', 'PROMOTION_CLASS_SIEGE', -1 ),
	('TRENCH_WARFARE_INFORMATION_SIEGE_PRODUCTION', 'EraType', 'ERA_INFORMATION', -1 ),
	('TRENCH_WARFARE_INFORMATION_SIEGE_PRODUCTION', 'Amount', 50, -1);
