
DELETE FROM UnitPromotionPrereqs WHERE UnitPromotion IN ('PROMOTION_FLIGHT_DECK', 'PROMOTION_SCOUT_PLANES', 'PROMOTION_HANGAR_DECK', 'PROMOTION_ADVANCED_ENGINES', 'PROMOTION_FOLDING_WINGS', 'PROMOTION_DECK_CREWS', 'PROMOTION_SUPER_CARRIER');
INSERT INTO TechnologyModifiers(TechnologyType, ModifierId) VALUES
		('TECH_TELECOMMUNICATIONS',		'ACT_MODIFIER_AIRCRAFT_CARRIER_UPGRADE_11'),
		('TECH_TELECOMMUNICATIONS',		'ACT_MODIFIER_AIRCRAFT_CARRIER_UPGRADE_12'),
		('TECH_STEALTH_TECHNOLOGY',		'ACT_MODIFIER_AIRCRAFT_CARRIER_UPGRADE_21'),
		('TECH_STEALTH_TECHNOLOGY',		'ACT_MODIFIER_AIRCRAFT_CARRIER_UPGRADE_22'),
		('TECH_ROBOTICS',				'ACT_MODIFIER_AIRCRAFT_CARRIER_UPGRADE_31'),
		('TECH_ROBOTICS',				'ACT_MODIFIER_AIRCRAFT_CARRIER_UPGRADE_32'),
		('TECH_ROBOTICS',				'ACT_MODIFIER_AIRCRAFT_CARRIER_UPGRADE_40');
INSERT INTO Modifiers(ModifierId, ModifierType, SubjectRequirementSetId) VALUES
		('ACT_MODIFIER_AIRCRAFT_CARRIER_UPGRADE_11',	'MODIFIER_PLAYER_UNITS_GRANT_PROMOTION',	'ACT_UNIT_IS_CARRIER_REQUIREMENTS'),
		('ACT_MODIFIER_AIRCRAFT_CARRIER_UPGRADE_12',	'MODIFIER_PLAYER_UNITS_GRANT_PROMOTION',	'ACT_UNIT_IS_CARRIER_REQUIREMENTS'),
		('ACT_MODIFIER_AIRCRAFT_CARRIER_UPGRADE_21',	'MODIFIER_PLAYER_UNITS_GRANT_PROMOTION',	'ACT_UNIT_IS_CARRIER_REQUIREMENTS'),
		('ACT_MODIFIER_AIRCRAFT_CARRIER_UPGRADE_22',	'MODIFIER_PLAYER_UNITS_GRANT_PROMOTION',	'ACT_UNIT_IS_CARRIER_REQUIREMENTS'),
		('ACT_MODIFIER_AIRCRAFT_CARRIER_UPGRADE_31',	'MODIFIER_PLAYER_UNITS_GRANT_PROMOTION',	'ACT_UNIT_IS_CARRIER_REQUIREMENTS'),
		('ACT_MODIFIER_AIRCRAFT_CARRIER_UPGRADE_32',	'MODIFIER_PLAYER_UNITS_GRANT_PROMOTION',	'ACT_UNIT_IS_CARRIER_REQUIREMENTS'),
		('ACT_MODIFIER_AIRCRAFT_CARRIER_UPGRADE_40',	'MODIFIER_PLAYER_UNITS_GRANT_PROMOTION',	'ACT_UNIT_IS_CARRIER_REQUIREMENTS');
INSERT INTO ModifierArguments(ModifierId, Name, Value) VALUES
		('ACT_MODIFIER_AIRCRAFT_CARRIER_UPGRADE_11',	'PromotionType',	'PROMOTION_FLIGHT_DECK'),
		('ACT_MODIFIER_AIRCRAFT_CARRIER_UPGRADE_12',	'PromotionType',	'PROMOTION_SCOUT_PLANES'),
		('ACT_MODIFIER_AIRCRAFT_CARRIER_UPGRADE_21',	'PromotionType',	'PROMOTION_HANGAR_DECK'),
		('ACT_MODIFIER_AIRCRAFT_CARRIER_UPGRADE_22',	'PromotionType',	'PROMOTION_ADVANCED_ENGINES'),
		('ACT_MODIFIER_AIRCRAFT_CARRIER_UPGRADE_31',	'PromotionType',	'PROMOTION_FOLDING_WINGS'),
		('ACT_MODIFIER_AIRCRAFT_CARRIER_UPGRADE_32',	'PromotionType',	'PROMOTION_DECK_CREWS'),
		('ACT_MODIFIER_AIRCRAFT_CARRIER_UPGRADE_40',	'PromotionType',	'PROMOTION_SUPER_CARRIER');
INSERT INTO RequirementSets(RequirementSetId, RequirementSetType) VALUES
		('ACT_UNIT_IS_CARRIER_REQUIREMENTS', 'REQUIREMENTSET_TEST_ALL');
INSERT INTO RequirementSetRequirements(RequirementSetId, RequirementId) VALUES
		('ACT_UNIT_IS_CARRIER_REQUIREMENTS', 'ACT_REQUIRES_UNIT_IS_NAVAL_CARRIER');
INSERT INTO Requirements(RequirementId, RequirementType) VALUES
		('ACT_REQUIRES_UNIT_IS_NAVAL_CARRIER', 'REQUIREMENT_UNIT_TAG_MATCHES');
INSERT INTO RequirementArguments(RequirementId, Name, Value) VALUES
		('ACT_REQUIRES_UNIT_IS_NAVAL_CARRIER', 'Tag', 'CLASS_NAVAL_CARRIER');
